Date,Time,Total Rainfall,Dry bulb,Wet bulb,Humidity,Wind speed,datetime,log_rainfall,hour,rain_category,rain_label
3/1/2023,8:00,0.0,18.5,18.0,96.0,0,2023-03-01 08:00:00,0.0,8,0,No Rain
3/1/2023,9:00,0.0,18.6,18.0,94.0,2,2023-03-01 09:00:00,0.0,9,0,No Rain
3/1/2023,10:00,0.0,21.4,19.4,83.0,2,2023-03-01 10:00:00,0.0,10,0,No Rain
3/1/2023,11:00,0.0,23.5,20.0,70.0,2,2023-03-01 11:00:00,0.0,11,0,No Rain
3/1/2023,12:00,0.0,25.0,20.4,65.0,4,2023-03-01 12:00:00,0.0,12,0,No Rain
3/1/2023,13:00,0.0,26.2,20.0,55.0,4,2023-03-01 13:00:00,0.0,13,0,No Rain
3/1/2023,14:00,0.0,26.5,20.2,55.0,4,2023-03-01 14:00:00,0.0,14,0,No Rain
3/1/2023,15:00,0.0,27.4,20.6,53.0,6,2023-03-01 15:00:00,0.0,15,0,No Rain
3/1/2023,16:00,0.0,27.0,20.5,54.0,4,2023-03-01 16:00:00,0.0,16,0,No Rain
3/2/2023,8:00,83.3,19.8,18.4,88.0,0,2023-03-02 08:00:00,4.4343818650078095,8,3,Heavy Rain
3/2/2023,9:00,83.3,20.5,18.5,83.0,2,2023-03-02 09:00:00,4.4343818650078095,9,3,Heavy Rain
3/2/2023,10:00,83.3,24.4,20.2,68.0,4,2023-03-02 10:00:00,4.4343818650078095,10,3,Heavy Rain
3/2/2023,11:00,83.3,25.4,20.4,62.0,4,2023-03-02 11:00:00,4.4343818650078095,11,3,Heavy Rain
3/2/2023,12:00,83.3,25.5,21.0,66.0,6,2023-03-02 12:00:00,4.4343818650078095,12,3,Heavy Rain
3/2/2023,13:00,83.3,26.0,21.0,63.0,6,2023-03-02 13:00:00,4.4343818650078095,13,3,Heavy Rain
3/2/2023,14:00,83.3,26.4,21.0,61.0,4,2023-03-02 14:00:00,4.4343818650078095,14,3,Heavy Rain
3/2/2023,15:00,83.3,27.0,21.0,58.0,4,2023-03-02 15:00:00,4.4343818650078095,15,3,Heavy Rain
3/2/2023,16:00,83.3,26.0,20.6,60.0,4,2023-03-02 16:00:00,4.4343818650078095,16,3,Heavy Rain
3/3/2023,8:00,0.4,17.4,17.4,100.0,0,2023-03-03 08:00:00,0.33647223662121295,8,1,Light Rain
3/3/2023,9:00,0.4,17.0,17.0,100.0,0,2023-03-03 09:00:00,0.33647223662121295,9,1,Light Rain
3/3/2023,10:00,0.4,17.2,17.2,100.0,0,2023-03-03 10:00:00,0.33647223662121295,10,1,Light Rain
3/3/2023,11:00,0.4,17.3,17.0,97.0,2,2023-03-03 11:00:00,0.33647223662121295,11,1,Light Rain
3/3/2023,12:00,0.4,20.4,19.5,92.0,2,2023-03-03 12:00:00,0.33647223662121295,12,1,Light Rain
3/3/2023,13:00,0.4,25.0,20.0,62.0,0,2023-03-03 13:00:00,0.33647223662121295,13,1,Light Rain
3/3/2023,14:00,0.4,25.3,20.2,62.0,0,2023-03-03 14:00:00,0.33647223662121295,14,1,Light Rain
3/3/2023,15:00,0.4,24.7,20.2,65.0,2,2023-03-03 15:00:00,0.33647223662121295,15,1,Light Rain
3/3/2023,16:00,0.4,23.4,20.2,74.0,0,2023-03-03 16:00:00,0.33647223662121295,16,1,Light Rain
3/4/2023,8:00,0.0,20.4,19.0,88.0,0,2023-03-04 08:00:00,0.0,8,0,No Rain
3/4/2023,9:00,0.0,21.5,19.4,82.0,0,2023-03-04 09:00:00,0.0,9,0,No Rain
3/4/2023,10:00,0.0,23.8,20.0,70.0,2,2023-03-04 10:00:00,0.0,10,0,No Rain
3/4/2023,11:00,0.0,24.5,20.2,67.0,2,2023-03-04 11:00:00,0.0,11,0,No Rain
3/4/2023,12:00,0.0,23.5,20.0,72.0,6,2023-03-04 12:00:00,0.0,12,0,No Rain
3/4/2023,13:00,0.0,24.0,20.0,68.0,4,2023-03-04 13:00:00,0.0,13,0,No Rain
3/4/2023,14:00,0.0,25.0,20.5,65.0,4,2023-03-04 14:00:00,0.0,14,0,No Rain
3/4/2023,15:00,0.0,26.0,20.8,62.0,6,2023-03-04 15:00:00,0.0,15,0,No Rain
3/4/2023,16:00,0.0,26.4,21.0,61.0,4,2023-03-04 16:00:00,0.0,16,0,No Rain
3/5/2023,8:00,0.0,19.4,18.6,93.0,0,2023-03-05 08:00:00,0.0,8,0,No Rain
3/5/2023,9:00,0.0,21.4,19.4,83.0,0,2023-03-05 09:00:00,0.0,9,0,No Rain
3/5/2023,10:00,0.0,23.6,20.6,76.0,4,2023-03-05 10:00:00,0.0,10,0,No Rain
3/5/2023,11:00,0.0,25.4,20.4,62.0,4,2023-03-05 11:00:00,0.0,11,0,No Rain
3/5/2023,12:00,0.0,27.2,21.0,56.0,8,2023-03-05 12:00:00,0.0,12,0,No Rain
3/5/2023,13:00,0.0,27.5,21.0,55.0,6,2023-03-05 13:00:00,0.0,13,0,No Rain
3/5/2023,14:00,0.0,28.0,21.2,53.0,6,2023-03-05 14:00:00,0.0,14,0,No Rain
3/5/2023,15:00,0.0,28.2,20.8,50.0,6,2023-03-05 15:00:00,0.0,15,0,No Rain
3/5/2023,16:00,0.0,28.0,20.8,51.0,4,2023-03-05 16:00:00,0.0,16,0,No Rain
3/6/2023,8:00,0.0,20.3,19.8,96.0,0,2023-03-06 08:00:00,0.0,8,0,No Rain
3/6/2023,9:00,0.0,23.5,21.4,83.0,3,2023-03-06 09:00:00,0.0,9,0,No Rain
3/6/2023,10:00,0.0,25.3,20.1,62.0,3,2023-03-06 10:00:00,0.0,10,0,No Rain
3/6/2023,11:00,0.0,26.4,20.3,57.0,3,2023-03-06 11:00:00,0.0,11,0,No Rain
3/6/2023,12:00,0.0,27.0,21.0,58.0,4,2023-03-06 12:00:00,0.0,12,0,No Rain
3/6/2023,13:00,0.0,27.2,21.0,57.0,4,2023-03-06 13:00:00,0.0,13,0,No Rain
3/6/2023,14:00,0.0,27.8,20.4,51.0,4,2023-03-06 14:00:00,0.0,14,0,No Rain
3/6/2023,15:00,0.0,27.8,20.4,51.0,4,2023-03-06 15:00:00,0.0,15,0,No Rain
3/6/2023,16:00,0.0,27.6,20.3,51.0,4,2023-03-06 16:00:00,0.0,16,0,No Rain
3/7/2023,8:00,0.0,20.4,19.0,88.0,0,2023-03-07 08:00:00,0.0,8,0,No Rain
3/7/2023,9:00,0.0,24.0,20.5,73.0,2,2023-03-07 09:00:00,0.0,9,0,No Rain
3/7/2023,10:00,0.0,27.0,21.5,62.0,4,2023-03-07 10:00:00,0.0,10,0,No Rain
3/7/2023,11:00,0.0,28.2,21.5,55.0,4,2023-03-07 11:00:00,0.0,11,0,No Rain
3/7/2023,12:00,0.0,29.0,21.4,51.0,4,2023-03-07 12:00:00,0.0,12,0,No Rain
3/7/2023,13:00,0.0,29.0,21.4,51.0,4,2023-03-07 13:00:00,0.0,13,0,No Rain
3/7/2023,14:00,0.0,30.0,21.8,49.0,4,2023-03-07 14:00:00,0.0,14,0,No Rain
3/7/2023,15:00,0.0,30.2,21.2,45.0,4,2023-03-07 15:00:00,0.0,15,0,No Rain
3/7/2023,16:00,0.0,30.0,21.0,44.0,4,2023-03-07 16:00:00,0.0,16,0,No Rain
3/8/2023,8:00,0.0,21.0,19.0,83.0,0,2023-03-08 08:00:00,0.0,8,0,No Rain
3/8/2023,9:00,0.0,23.2,19.5,71.0,2,2023-03-08 09:00:00,0.0,9,0,No Rain
3/8/2023,10:00,0.0,25.4,20.2,62.0,2,2023-03-08 10:00:00,0.0,10,0,No Rain
3/8/2023,11:00,0.0,27.0,20.5,55.0,2,2023-03-08 11:00:00,0.0,11,0,No Rain
3/8/2023,12:00,0.0,28.8,20.6,47.0,4,2023-03-08 12:00:00,0.0,12,0,No Rain
3/8/2023,13:00,0.0,29.5,21.2,48.0,4,2023-03-08 13:00:00,0.0,13,0,No Rain
3/8/2023,14:00,0.0,30.0,21.4,46.0,4,2023-03-08 14:00:00,0.0,14,0,No Rain
3/8/2023,15:00,0.0,29.8,21.5,48.0,4,2023-03-08 15:00:00,0.0,15,0,No Rain
3/8/2023,16:00,0.0,29.4,21.2,48.0,4,2023-03-08 16:00:00,0.0,16,0,No Rain
3/9/2023,8:00,0.4,21.3,19.5,85.0,0,2023-03-09 08:00:00,0.33647223662121295,8,1,Light Rain
3/9/2023,9:00,0.4,22.5,19.5,76.0,3,2023-03-09 09:00:00,0.33647223662121295,9,1,Light Rain
3/9/2023,10:00,0.4,25.2,20.2,63.0,3,2023-03-09 10:00:00,0.33647223662121295,10,1,Light Rain
3/9/2023,11:00,0.4,25.5,20.2,61.0,3,2023-03-09 11:00:00,0.33647223662121295,11,1,Light Rain
3/9/2023,12:00,0.4,27.3,20.6,54.0,4,2023-03-09 12:00:00,0.33647223662121295,12,1,Light Rain
3/9/2023,13:00,0.4,27.4,20.6,54.0,0,2023-03-09 13:00:00,0.33647223662121295,13,1,Light Rain
3/9/2023,14:00,0.4,28.4,21.2,53.0,4,2023-03-09 14:00:00,0.33647223662121295,14,1,Light Rain
3/9/2023,15:00,0.4,29.3,21.2,48.0,4,2023-03-09 15:00:00,0.33647223662121295,15,1,Light Rain
3/9/2023,16:00,0.4,27.8,21.2,55.0,2,2023-03-09 16:00:00,0.33647223662121295,16,1,Light Rain
3/10/2023,8:00,18.0,19.4,18.6,93.0,0,2023-03-10 08:00:00,2.9444389791664403,8,3,Heavy Rain
3/10/2023,9:00,18.0,20.5,18.6,84.0,2,2023-03-10 09:00:00,2.9444389791664403,9,3,Heavy Rain
3/10/2023,10:00,18.0,20.0,18.6,88.0,6,2023-03-10 10:00:00,2.9444389791664403,10,3,Heavy Rain
3/10/2023,11:00,18.0,19.4,18.4,91.0,4,2023-03-10 11:00:00,2.9444389791664403,11,3,Heavy Rain
3/10/2023,12:00,18.0,18.8,18.8,100.0,4,2023-03-10 12:00:00,2.9444389791664403,12,3,Heavy Rain
3/10/2023,13:00,18.0,18.5,18.5,100.0,4,2023-03-10 13:00:00,2.9444389791664403,13,3,Heavy Rain
3/10/2023,14:00,18.0,19.4,19.2,98.0,5,2023-03-10 14:00:00,2.9444389791664403,14,3,Heavy Rain
3/10/2023,15:00,18.0,20.4,19.4,91.0,0,2023-03-10 15:00:00,2.9444389791664403,15,3,Heavy Rain
3/10/2023,16:00,18.0,21.2,19.5,86.0,0,2023-03-10 16:00:00,2.9444389791664403,16,3,Heavy Rain
3/11/2023,8:00,16.5,20.4,19.0,88.0,0,2023-03-11 08:00:00,2.8622008809294686,8,3,Heavy Rain
3/11/2023,9:00,16.5,21.5,19.0,79.0,0,2023-03-11 09:00:00,2.8622008809294686,9,3,Heavy Rain
3/11/2023,10:00,16.5,24.0,20.0,69.0,4,2023-03-11 10:00:00,2.8622008809294686,10,3,Heavy Rain
3/11/2023,11:00,16.5,26.0,20.4,60.0,0,2023-03-11 11:00:00,2.8622008809294686,11,3,Heavy Rain
3/11/2023,12:00,16.5,27.0,20.5,55.0,2,2023-03-11 12:00:00,2.8622008809294686,12,3,Heavy Rain
3/11/2023,13:00,16.5,27.4,20.5,53.0,4,2023-03-11 13:00:00,2.8622008809294686,13,3,Heavy Rain
3/11/2023,14:00,16.5,27.4,21.0,56.0,6,2023-03-11 14:00:00,2.8622008809294686,14,3,Heavy Rain
3/11/2023,15:00,16.5,27.0,20.8,57.0,8,2023-03-11 15:00:00,2.8622008809294686,15,3,Heavy Rain
3/11/2023,16:00,16.5,26.5,20.6,59.0,4,2023-03-11 16:00:00,2.8622008809294686,16,3,Heavy Rain
3/12/2023,8:00,10.4,18.4,18.4,100.0,0,2023-03-12 08:00:00,2.4336133554004498,8,3,Heavy Rain
3/12/2023,9:00,10.4,18.9,18.9,100.0,0,2023-03-12 09:00:00,2.4336133554004498,9,3,Heavy Rain
3/12/2023,10:00,10.4,19.2,19.0,98.0,0,2023-03-12 10:00:00,2.4336133554004498,10,3,Heavy Rain
3/12/2023,11:00,10.4,19.3,19.0,97.0,0,2023-03-12 11:00:00,2.4336133554004498,11,3,Heavy Rain
3/12/2023,12:00,10.4,20.0,19.5,95.0,0,2023-03-12 12:00:00,2.4336133554004498,12,3,Heavy Rain
3/12/2023,13:00,10.4,20.8,20.0,93.0,0,2023-03-12 13:00:00,2.4336133554004498,13,3,Heavy Rain
3/12/2023,14:00,10.4,20.8,20.0,93.0,0,2023-03-12 14:00:00,2.4336133554004498,14,3,Heavy Rain
3/12/2023,15:00,10.4,20.5,19.8,94.0,0,2023-03-12 15:00:00,2.4336133554004498,15,3,Heavy Rain
3/12/2023,16:00,10.4,20.6,19.5,90.0,0,2023-03-12 16:00:00,2.4336133554004498,16,3,Heavy Rain
3/13/2023,8:00,30.5,20.4,19.0,88.0,0,2023-03-13 08:00:00,3.449987545831587,8,3,Heavy Rain
3/13/2023,9:00,30.5,22.0,19.5,79.0,0,2023-03-13 09:00:00,3.449987545831587,9,3,Heavy Rain
3/13/2023,10:00,30.5,24.0,20.0,69.0,0,2023-03-13 10:00:00,3.449987545831587,10,3,Heavy Rain
3/13/2023,11:00,30.5,24.4,20.2,68.0,2,2023-03-13 11:00:00,3.449987545831587,11,3,Heavy Rain
3/13/2023,12:00,30.5,25.4,20.2,62.0,2,2023-03-13 12:00:00,3.449987545831587,12,3,Heavy Rain
3/13/2023,13:00,30.5,26.5,20.4,57.0,0,2023-03-13 13:00:00,3.449987545831587,13,3,Heavy Rain
3/13/2023,14:00,30.5,24.0,20.0,69.0,0,2023-03-13 14:00:00,3.449987545831587,14,3,Heavy Rain
3/13/2023,15:00,30.5,21.2,20.2,91.0,0,2023-03-13 15:00:00,3.449987545831587,15,3,Heavy Rain
3/13/2023,16:00,30.5,23.4,20.2,75.0,2,2023-03-13 16:00:00,3.449987545831587,16,3,Heavy Rain
3/14/2023,8:00,31.9,18.4,18.4,100.0,0,2023-03-14 08:00:00,3.493472657771326,8,3,Heavy Rain
3/14/2023,9:00,31.9,18.6,18.6,100.0,2,2023-03-14 09:00:00,3.493472657771326,9,3,Heavy Rain
3/14/2023,10:00,31.9,18.0,18.0,100.0,2,2023-03-14 10:00:00,3.493472657771326,10,3,Heavy Rain
3/14/2023,11:00,31.9,18.5,18.5,100.0,2,2023-03-14 11:00:00,3.493472657771326,11,3,Heavy Rain
3/14/2023,12:00,31.9,18.6,18.6,100.0,0,2023-03-14 12:00:00,3.493472657771326,12,3,Heavy Rain
3/14/2023,13:00,31.9,19.0,18.8,98.0,0,2023-03-14 13:00:00,3.493472657771326,13,3,Heavy Rain
3/14/2023,14:00,31.9,18.6,18.5,99.0,0,2023-03-14 14:00:00,3.493472657771326,14,3,Heavy Rain
3/14/2023,15:00,31.9,19.0,18.8,98.0,2,2023-03-14 15:00:00,3.493472657771326,15,3,Heavy Rain
3/14/2023,16:00,31.9,19.4,19.2,98.0,0,2023-03-14 16:00:00,3.493472657771326,16,3,Heavy Rain
3/15/2023,8:00,13.0,18.4,18.2,98.0,0,2023-03-15 08:00:00,2.6390573296152584,8,3,Heavy Rain
3/15/2023,9:00,13.0,19.4,18.4,91.0,0,2023-03-15 09:00:00,2.6390573296152584,9,3,Heavy Rain
3/15/2023,10:00,13.0,20.4,19.0,88.0,0,2023-03-15 10:00:00,2.6390573296152584,10,3,Heavy Rain
3/15/2023,11:00,13.0,21.2,19.0,81.0,0,2023-03-15 11:00:00,2.6390573296152584,11,3,Heavy Rain
3/15/2023,12:00,13.0,22.0,19.5,79.0,2,2023-03-15 12:00:00,2.6390573296152584,12,3,Heavy Rain
3/15/2023,13:00,13.0,22.5,19.5,76.0,2,2023-03-15 13:00:00,2.6390573296152584,13,3,Heavy Rain
3/15/2023,14:00,13.0,23.0,19.8,75.0,0,2023-03-15 14:00:00,2.6390573296152584,14,3,Heavy Rain
3/15/2023,15:00,13.0,23.0,20.0,76.0,4,2023-03-15 15:00:00,2.6390573296152584,15,3,Heavy Rain
3/15/2023,16:00,13.0,23.0,19.8,75.0,4,2023-03-15 16:00:00,2.6390573296152584,16,3,Heavy Rain
3/16/2023,8:00,5.5,18.5,18.4,99.0,0,2023-03-16 08:00:00,1.8718021769015913,8,2,Moderate Rain
3/16/2023,9:00,5.5,18.8,18.2,94.0,0,2023-03-16 09:00:00,1.8718021769015913,9,2,Moderate Rain
3/16/2023,10:00,5.5,19.4,18.6,93.0,0,2023-03-16 10:00:00,1.8718021769015913,10,2,Moderate Rain
3/16/2023,11:00,5.5,20.2,18.8,88.0,0,2023-03-16 11:00:00,1.8718021769015913,11,2,Moderate Rain
3/16/2023,12:00,5.5,21.5,19.0,79.0,4,2023-03-16 12:00:00,1.8718021769015913,12,2,Moderate Rain
3/16/2023,13:00,5.5,23.4,19.8,72.0,4,2023-03-16 13:00:00,1.8718021769015913,13,2,Moderate Rain
3/16/2023,14:00,5.5,24.8,20.2,66.0,4,2023-03-16 14:00:00,1.8718021769015913,14,2,Moderate Rain
3/16/2023,15:00,5.5,26.0,20.5,61.0,4,2023-03-16 15:00:00,1.8718021769015913,15,2,Moderate Rain
3/16/2023,16:00,5.5,26.6,20.2,56.0,4,2023-03-16 16:00:00,1.8718021769015913,16,2,Moderate Rain
3/17/2023,8:00,4.1,18.4,18.4,100.0,0,2023-03-17 08:00:00,1.62924053973028,8,2,Moderate Rain
3/17/2023,9:00,4.1,19.2,18.5,94.0,0,2023-03-17 09:00:00,1.62924053973028,9,2,Moderate Rain
3/17/2023,10:00,4.1,19.8,19.2,96.0,0,2023-03-17 10:00:00,1.62924053973028,10,2,Moderate Rain
3/17/2023,11:00,4.1,20.5,19.5,91.0,0,2023-03-17 11:00:00,1.62924053973028,11,2,Moderate Rain
3/17/2023,12:00,4.1,22.6,20.0,78.0,2,2023-03-17 12:00:00,1.62924053973028,12,2,Moderate Rain
3/17/2023,13:00,4.1,23.5,20.4,76.0,2,2023-03-17 13:00:00,1.62924053973028,13,2,Moderate Rain
3/17/2023,14:00,4.1,23.8,20.4,74.0,4,2023-03-17 14:00:00,1.62924053973028,14,2,Moderate Rain
3/17/2023,15:00,4.1,24.0,20.2,71.0,4,2023-03-17 15:00:00,1.62924053973028,15,2,Moderate Rain
3/17/2023,16:00,4.1,23.2,20.0,75.0,4,2023-03-17 16:00:00,1.62924053973028,16,2,Moderate Rain
3/18/2023,8:00,0.1,18.0,18.0,100.0,0,2023-03-18 08:00:00,0.09531017980432487,8,1,Light Rain
3/18/2023,9:00,0.1,18.0,17.8,98.0,0,2023-03-18 09:00:00,0.09531017980432487,9,1,Light Rain
3/18/2023,10:00,0.1,18.6,17.7,92.0,0,2023-03-18 10:00:00,0.09531017980432487,10,1,Light Rain
3/18/2023,11:00,0.1,19.4,17.7,85.0,0,2023-03-18 11:00:00,0.09531017980432487,11,1,Light Rain
3/18/2023,12:00,0.1,20.5,19.6,92.0,0,2023-03-18 12:00:00,0.09531017980432487,12,1,Light Rain
3/18/2023,13:00,0.1,21.5,20.0,87.0,4,2023-03-18 13:00:00,0.09531017980432487,13,1,Light Rain
3/18/2023,14:00,0.1,23.2,20.0,75.0,4,2023-03-18 14:00:00,0.09531017980432487,14,1,Light Rain
3/18/2023,15:00,0.1,24.4,19.5,63.0,4,2023-03-18 15:00:00,0.09531017980432487,15,1,Light Rain
3/18/2023,16:00,0.1,25.0,20.0,63.0,4,2023-03-18 16:00:00,0.09531017980432487,16,1,Light Rain
3/19/2023,8:00,20.9,19.6,18.4,89.0,0,2023-03-19 08:00:00,3.086486636822455,8,3,Heavy Rain
3/19/2023,9:00,20.9,20.5,19.0,87.0,0,2023-03-19 09:00:00,3.086486636822455,9,3,Heavy Rain
3/19/2023,10:00,20.9,22.8,19.6,74.0,0,2023-03-19 10:00:00,3.086486636822455,10,3,Heavy Rain
3/19/2023,11:00,20.9,23.8,19.8,76.0,0,2023-03-19 11:00:00,3.086486636822455,11,3,Heavy Rain
3/19/2023,12:00,20.9,25.4,20.2,62.0,2,2023-03-19 12:00:00,3.086486636822455,12,3,Heavy Rain
3/19/2023,13:00,20.9,25.0,20.2,65.0,2,2023-03-19 13:00:00,3.086486636822455,13,3,Heavy Rain
3/19/2023,14:00,20.9,23.4,19.8,72.0,2,2023-03-19 14:00:00,3.086486636822455,14,3,Heavy Rain
3/19/2023,15:00,20.9,23.2,19.5,71.0,4,2023-03-19 15:00:00,3.086486636822455,15,3,Heavy Rain
3/19/2023,16:00,20.9,23.4,20.0,73.0,4,2023-03-19 16:00:00,3.086486636822455,16,3,Heavy Rain
3/20/2023,8:00,0.5,17.5,17.5,100.0,0,2023-03-20 08:00:00,0.4054651081081644,8,1,Light Rain
3/20/2023,9:00,0.5,17.0,17.0,100.0,4,2023-03-20 09:00:00,0.4054651081081644,9,1,Light Rain
3/20/2023,10:00,0.5,17.6,17.6,100.0,0,2023-03-20 10:00:00,0.4054651081081644,10,1,Light Rain
3/20/2023,11:00,0.5,19.0,18.0,91.0,4,2023-03-20 11:00:00,0.4054651081081644,11,1,Light Rain
3/20/2023,12:00,0.5,20.0,18.5,87.0,4,2023-03-20 12:00:00,0.4054651081081644,12,1,Light Rain
3/20/2023,13:00,0.5,21.2,19.0,81.0,4,2023-03-20 13:00:00,0.4054651081081644,13,1,Light Rain
3/20/2023,14:00,0.5,22.0,19.2,77.0,0,2023-03-20 14:00:00,0.4054651081081644,14,1,Light Rain
3/20/2023,15:00,0.5,23.0,19.5,72.0,4,2023-03-20 15:00:00,0.4054651081081644,15,1,Light Rain
3/20/2023,16:00,0.5,23.2,19.6,72.0,0,2023-03-20 16:00:00,0.4054651081081644,16,1,Light Rain
3/21/2023,8:00,0.0,18.3,16.8,86.0,0,2023-03-21 08:00:00,0.0,8,0,No Rain
3/21/2023,9:00,0.0,19.4,17.6,84.0,0,2023-03-21 09:00:00,0.0,9,0,No Rain
3/21/2023,10:00,0.0,20.3,18.2,82.0,0,2023-03-21 10:00:00,0.0,10,0,No Rain
3/21/2023,11:00,0.0,20.6,18.9,85.0,2,2023-03-21 11:00:00,0.0,11,0,No Rain
3/21/2023,12:00,0.0,23.0,20.0,76.0,4,2023-03-21 12:00:00,0.0,12,0,No Rain
3/21/2023,13:00,0.0,23.3,20.0,74.0,4,2023-03-21 13:00:00,0.0,13,0,No Rain
3/21/2023,14:00,0.0,23.8,20.4,74.0,4,2023-03-21 14:00:00,0.0,14,0,No Rain
3/21/2023,15:00,0.0,24.4,20.5,70.0,4,2023-03-21 15:00:00,0.0,15,0,No Rain
3/21/2023,16:00,0.0,24.0,20.5,73.0,0,2023-03-21 16:00:00,0.0,16,0,No Rain
3/22/2023,8:00,0.3,20.2,18.8,88.0,0,2023-03-22 08:00:00,0.262364264467491,8,1,Light Rain
3/22/2023,9:00,0.3,22.0,19.5,79.0,0,2023-03-22 09:00:00,0.262364264467491,9,1,Light Rain
3/22/2023,10:00,0.3,24.2,20.2,70.0,4,2023-03-22 10:00:00,0.262364264467491,10,1,Light Rain
3/22/2023,11:00,0.3,25.5,20.5,64.0,4,2023-03-22 11:00:00,0.262364264467491,11,1,Light Rain
3/22/2023,12:00,0.3,25.0,20.5,67.0,4,2023-03-22 12:00:00,0.262364264467491,12,1,Light Rain
3/22/2023,13:00,0.3,24.0,20.2,71.0,4,2023-03-22 13:00:00,0.262364264467491,13,1,Light Rain
3/22/2023,14:00,0.3,24.5,20.2,68.0,4,2023-03-22 14:00:00,0.262364264467491,14,1,Light Rain
3/22/2023,15:00,0.3,24.8,20.4,67.0,6,2023-03-22 15:00:00,0.262364264467491,15,1,Light Rain
3/22/2023,16:00,0.3,25.5,20.6,64.0,6,2023-03-22 16:00:00,0.262364264467491,16,1,Light Rain
3/23/2023,8:00,0.8,19.2,18.6,95.0,0,2023-03-23 08:00:00,0.5877866649021191,8,1,Light Rain
3/23/2023,9:00,0.8,20.0,19.0,91.0,0,2023-03-23 09:00:00,0.5877866649021191,9,1,Light Rain
3/23/2023,10:00,0.8,21.4,19.5,84.0,4,2023-03-23 10:00:00,0.5877866649021191,10,1,Light Rain
3/23/2023,11:00,0.8,23.2,20.0,75.0,4,2023-03-23 11:00:00,0.5877866649021191,11,1,Light Rain
3/23/2023,12:00,0.8,25.5,20.6,64.0,4,2023-03-23 12:00:00,0.5877866649021191,12,1,Light Rain
3/23/2023,13:00,0.8,26.0,20.8,63.0,4,2023-03-23 13:00:00,0.5877866649021191,13,1,Light Rain
3/23/2023,14:00,0.8,26.4,21.0,62.0,4,2023-03-23 14:00:00,0.5877866649021191,14,1,Light Rain
3/23/2023,15:00,0.8,27.4,21.4,59.0,4,2023-03-23 15:00:00,0.5877866649021191,15,1,Light Rain
3/23/2023,16:00,0.8,27.5,21.4,58.0,4,2023-03-23 16:00:00,0.5877866649021191,16,1,Light Rain
3/24/2023,8:00,0.6,18.8,17.0,83.0,0,2023-03-24 08:00:00,0.4700036292457356,8,1,Light Rain
3/24/2023,9:00,0.6,19.5,18.4,90.0,0,2023-03-24 09:00:00,0.4700036292457356,9,1,Light Rain
3/24/2023,10:00,0.6,20.3,18.5,84.0,0,2023-03-24 10:00:00,0.4700036292457356,10,1,Light Rain
3/24/2023,11:00,0.6,21.6,19.3,81.0,4,2023-03-24 11:00:00,0.4700036292457356,11,1,Light Rain
3/24/2023,12:00,0.6,22.5,19.5,76.0,4,2023-03-24 12:00:00,0.4700036292457356,12,1,Light Rain
3/24/2023,13:00,0.6,24.8,20.5,68.0,4,2023-03-24 13:00:00,0.4700036292457356,13,1,Light Rain
3/24/2023,14:00,0.6,25.3,20.5,65.0,4,2023-03-24 14:00:00,0.4700036292457356,14,1,Light Rain
3/24/2023,15:00,0.6,25.5,20.5,64.0,4,2023-03-24 15:00:00,0.4700036292457356,15,1,Light Rain
3/24/2023,16:00,0.6,25.6,20.5,63.0,4,2023-03-24 16:00:00,0.4700036292457356,16,1,Light Rain
3/25/2023,8:00,0.0,19.4,18.6,93.0,0,2023-03-25 08:00:00,0.0,8,0,No Rain
3/25/2023,9:00,0.0,21.2,19.6,86.0,0,2023-03-25 09:00:00,0.0,9,0,No Rain
3/25/2023,10:00,0.0,22.4,20.0,80.0,0,2023-03-25 10:00:00,0.0,10,0,No Rain
3/25/2023,11:00,0.0,23.4,20.0,73.0,0,2023-03-25 11:00:00,0.0,11,0,No Rain
3/25/2023,12:00,0.0,23.0,20.0,76.0,4,2023-03-25 12:00:00,0.0,12,0,No Rain
3/25/2023,13:00,0.0,24.0,20.2,71.0,4,2023-03-25 13:00:00,0.0,13,0,No Rain
3/25/2023,14:00,0.0,24.8,20.4,67.0,4,2023-03-25 14:00:00,0.0,14,0,No Rain
3/25/2023,15:00,0.0,23.6,20.2,73.0,6,2023-03-25 15:00:00,0.0,15,0,No Rain
3/25/2023,16:00,0.0,24.4,20.5,76.0,6,2023-03-25 16:00:00,0.0,16,0,No Rain
3/26/2023,8:00,1.8,19.0,18.4,94.0,0,2023-03-26 08:00:00,1.0296194171811581,8,2,Moderate Rain
3/26/2023,9:00,1.8,20.0,18.8,89.0,6,2023-03-26 09:00:00,1.0296194171811581,9,2,Moderate Rain
3/26/2023,10:00,1.8,21.0,19.2,85.0,6,2023-03-26 10:00:00,1.0296194171811581,10,2,Moderate Rain
3/26/2023,11:00,1.8,22.0,19.5,79.0,4,2023-03-26 11:00:00,1.0296194171811581,11,2,Moderate Rain
3/26/2023,12:00,1.8,23.0,19.8,75.0,4,2023-03-26 12:00:00,1.0296194171811581,12,2,Moderate Rain
3/26/2023,13:00,1.8,24.0,20.0,69.0,4,2023-03-26 13:00:00,1.0296194171811581,13,2,Moderate Rain
3/26/2023,14:00,1.8,24.4,20.2,68.0,4,2023-03-26 14:00:00,1.0296194171811581,14,2,Moderate Rain
3/26/2023,15:00,1.8,25.0,20.0,63.0,4,2023-03-26 15:00:00,1.0296194171811581,15,2,Moderate Rain
3/26/2023,16:00,1.8,25.2,20.4,65.0,4,2023-03-26 16:00:00,1.0296194171811581,16,2,Moderate Rain
3/27/2023,8:00,26.6,19.1,18.5,94.0,0,2023-03-27 08:00:00,3.3178157727231046,8,3,Heavy Rain
3/27/2023,9:00,26.6,19.5,18.3,89.0,0,2023-03-27 09:00:00,3.3178157727231046,9,3,Heavy Rain
3/27/2023,10:00,26.6,20.8,19.0,84.0,0,2023-03-27 10:00:00,3.3178157727231046,10,3,Heavy Rain
3/27/2023,11:00,26.6,21.0,19.0,76.0,6,2023-03-27 11:00:00,3.3178157727231046,11,3,Heavy Rain
3/27/2023,12:00,26.6,24.5,20.4,69.0,4,2023-03-27 12:00:00,3.3178157727231046,12,3,Heavy Rain
3/27/2023,13:00,26.6,27.4,20.8,55.0,4,2023-03-27 13:00:00,3.3178157727231046,13,3,Heavy Rain
3/27/2023,14:00,26.6,27.5,20.8,56.0,4,2023-03-27 14:00:00,3.3178157727231046,14,3,Heavy Rain
3/27/2023,15:00,26.6,27.8,21.0,54.0,4,2023-03-27 15:00:00,3.3178157727231046,15,3,Heavy Rain
3/27/2023,16:00,26.6,27.7,21.0,55.0,4,2023-03-27 16:00:00,3.3178157727231046,16,3,Heavy Rain
3/28/2023,8:00,2.5,18.0,18.0,100.0,0,2023-03-28 08:00:00,1.252762968495368,8,2,Moderate Rain
3/28/2023,9:00,2.5,18.4,18.4,100.0,0,2023-03-28 09:00:00,1.252762968495368,9,2,Moderate Rain
3/28/2023,10:00,2.5,18.5,18.4,99.0,0,2023-03-28 10:00:00,1.252762968495368,10,2,Moderate Rain
3/28/2023,11:00,2.5,18.8,18.4,96.0,0,2023-03-28 11:00:00,1.252762968495368,11,2,Moderate Rain
3/28/2023,12:00,2.5,19.2,18.6,94.0,0,2023-03-28 12:00:00,1.252762968495368,12,2,Moderate Rain
3/28/2023,13:00,2.5,19.8,19.0,93.0,4,2023-03-28 13:00:00,1.252762968495368,13,2,Moderate Rain
3/28/2023,14:00,2.5,21.5,19.6,84.0,4,2023-03-28 14:00:00,1.252762968495368,14,2,Moderate Rain
3/28/2023,15:00,2.5,21.5,19.5,76.0,4,2023-03-28 15:00:00,1.252762968495368,15,2,Moderate Rain
3/28/2023,16:00,2.5,23.0,19.8,74.0,4,2023-03-28 16:00:00,1.252762968495368,16,2,Moderate Rain
3/29/2023,8:00,0.0,19.5,18.5,91.0,0,2023-03-29 08:00:00,0.0,8,0,No Rain
3/29/2023,9:00,0.0,19.5,18.5,91.0,0,2023-03-29 09:00:00,0.0,9,0,No Rain
3/29/2023,10:00,0.0,21.2,19.2,83.0,0,2023-03-29 10:00:00,0.0,10,0,No Rain
3/29/2023,11:00,0.0,22.4,19.4,76.0,0,2023-03-29 11:00:00,0.0,11,0,No Rain
3/29/2023,12:00,0.0,24.0,20.0,69.0,4,2023-03-29 12:00:00,0.0,12,0,No Rain
3/29/2023,13:00,0.0,24.5,20.0,66.0,4,2023-03-29 13:00:00,0.0,13,0,No Rain
3/29/2023,14:00,0.0,25.0,20.2,65.0,4,2023-03-29 14:00:00,0.0,14,0,No Rain
3/29/2023,15:00,0.0,25.4,20.2,62.0,4,2023-03-29 15:00:00,0.0,15,0,No Rain
3/29/2023,16:00,0.0,25.0,20.2,65.0,4,2023-03-29 16:00:00,0.0,16,0,No Rain
3/30/2023,8:00,30.9,20.0,19.0,91.0,0,2023-03-30 08:00:00,3.462606009790799,8,3,Heavy Rain
3/30/2023,9:00,30.9,21.5,20.5,91.0,2,2023-03-30 09:00:00,3.462606009790799,9,3,Heavy Rain
3/30/2023,10:00,30.9,21.8,20.5,89.0,0,2023-03-30 10:00:00,3.462606009790799,10,3,Heavy Rain
3/30/2023,11:00,30.9,24.0,21.3,79.0,2,2023-03-30 11:00:00,3.462606009790799,11,3,Heavy Rain
3/30/2023,12:00,30.9,25.3,21.4,71.0,4,2023-03-30 12:00:00,3.462606009790799,12,3,Heavy Rain
3/30/2023,13:00,30.9,23.3,20.0,74.0,0,2023-03-30 13:00:00,3.462606009790799,13,3,Heavy Rain
3/30/2023,14:00,30.9,23.0,20.0,76.0,0,2023-03-30 14:00:00,3.462606009790799,14,3,Heavy Rain
3/30/2023,15:00,30.9,23.1,20.0,75.0,0,2023-03-30 15:00:00,3.462606009790799,15,3,Heavy Rain
3/30/2023,16:00,30.9,23.4,20.0,73.0,0,2023-03-30 16:00:00,3.462606009790799,16,3,Heavy Rain
3/31/2023,8:00,0.3,17.5,17.5,100.0,0,2023-03-31 08:00:00,0.262364264467491,8,1,Light Rain
3/31/2023,9:00,0.3,17.5,17.5,100.0,0,2023-03-31 09:00:00,0.262364264467491,9,1,Light Rain
3/31/2023,10:00,0.3,18.6,18.0,94.0,0,2023-03-31 10:00:00,0.262364264467491,10,1,Light Rain
3/31/2023,11:00,0.3,19.6,18.4,91.0,4,2023-03-31 11:00:00,0.262364264467491,11,1,Light Rain
3/31/2023,12:00,0.3,22.0,19.5,79.0,4,2023-03-31 12:00:00,0.262364264467491,12,1,Light Rain
3/31/2023,13:00,0.3,24.0,20.0,69.0,4,2023-03-31 13:00:00,0.262364264467491,13,1,Light Rain
3/31/2023,14:00,0.3,25.0,20.2,64.0,4,2023-03-31 14:00:00,0.262364264467491,14,1,Light Rain
3/31/2023,15:00,0.3,26.0,20.4,60.0,4,2023-03-31 15:00:00,0.262364264467491,15,1,Light Rain
3/31/2023,16:00,0.3,25.8,20.4,61.0,4,2023-03-31 16:00:00,0.262364264467491,16,1,Light Rain
4/1/2023,8:00,0.0,18.5,18.2,97.0,0,2023-04-01 08:00:00,0.0,8,0,No Rain
4/1/2023,9:00,0.0,19.4,18.4,91.0,2,2023-04-01 09:00:00,0.0,9,0,No Rain
4/1/2023,10:00,0.0,20.4,19.0,88.0,4,2023-04-01 10:00:00,0.0,10,0,No Rain
4/1/2023,11:00,0.0,21.2,19.0,81.0,4,2023-04-01 11:00:00,0.0,11,0,No Rain
4/1/2023,12:00,0.0,22.0,19.0,76.0,4,2023-04-01 12:00:00,0.0,12,0,No Rain
4/1/2023,13:00,0.0,23.0,19.4,72.0,6,2023-04-01 13:00:00,0.0,13,0,No Rain
4/1/2023,14:00,0.0,23.5,19.6,70.0,6,2023-04-01 14:00:00,0.0,14,0,No Rain
4/1/2023,15:00,0.0,24.5,20.0,66.0,4,2023-04-01 15:00:00,0.0,15,0,No Rain
4/1/2023,16:00,0.0,25.2,20.2,63.0,4,2023-04-01 16:00:00,0.0,16,0,No Rain
4/2/2023,8:00,0.0,20.2,19.5,93.0,0,2023-04-02 08:00:00,0.0,8,0,No Rain
4/2/2023,9:00,0.0,22.6,20.5,83.0,2,2023-04-02 09:00:00,0.0,9,0,No Rain
4/2/2023,10:00,0.0,24.8,20.5,68.0,2,2023-04-02 10:00:00,0.0,10,0,No Rain
4/2/2023,11:00,0.0,25.8,20.2,60.0,2,2023-04-02 11:00:00,0.0,11,0,No Rain
4/2/2023,12:00,0.0,26.8,20.0,53.0,4,2023-04-02 12:00:00,0.0,12,0,No Rain
4/2/2023,13:00,0.0,26.7,20.8,58.0,4,2023-04-02 13:00:00,0.0,13,0,No Rain
4/2/2023,14:00,0.0,26.6,21.0,61.0,4,2023-04-02 14:00:00,0.0,14,0,No Rain
4/2/2023,15:00,0.0,25.8,20.0,59.0,0,2023-04-02 15:00:00,0.0,15,0,No Rain
4/2/2023,16:00,0.0,25.6,20.0,60.0,0,2023-04-02 16:00:00,0.0,16,0,No Rain
4/3/2023,8:00,26.2,19.4,18.6,93.0,0,2023-04-03 08:00:00,3.3032169733019514,8,3,Heavy Rain
4/3/2023,9:00,26.2,20.4,19.0,88.0,0,2023-04-03 09:00:00,3.3032169733019514,9,3,Heavy Rain
4/3/2023,10:00,26.2,21.0,19.0,83.0,0,2023-04-03 10:00:00,3.3032169733019514,10,3,Heavy Rain
4/3/2023,11:00,26.2,22.0,19.4,79.0,2,2023-04-03 11:00:00,3.3032169733019514,11,3,Heavy Rain
4/3/2023,12:00,26.2,22.4,19.4,76.0,4,2023-04-03 12:00:00,3.3032169733019514,12,3,Heavy Rain
4/3/2023,13:00,26.2,23.2,19.8,76.0,2,2023-04-03 13:00:00,3.3032169733019514,13,3,Heavy Rain
4/3/2023,14:00,26.2,24.0,20.2,71.0,4,2023-04-03 14:00:00,3.3032169733019514,14,3,Heavy Rain
4/3/2023,15:00,26.2,24.5,20.4,69.0,4,2023-04-03 15:00:00,3.3032169733019514,15,3,Heavy Rain
4/3/2023,16:00,26.2,25.0,20.4,66.0,4,2023-04-03 16:00:00,3.3032169733019514,16,3,Heavy Rain
4/4/2023,8:00,0.0,19.5,18.5,91.0,0,2023-04-04 08:00:00,0.0,8,0,No Rain
4/4/2023,9:00,0.0,20.5,19.5,87.0,0,2023-04-04 09:00:00,0.0,9,0,No Rain
4/4/2023,10:00,0.0,22.6,19.8,77.0,2,2023-04-04 10:00:00,0.0,10,0,No Rain
4/4/2023,11:00,0.0,24.0,20.2,71.0,2,2023-04-04 11:00:00,0.0,11,0,No Rain
4/4/2023,12:00,0.0,25.4,20.6,65.0,4,2023-04-04 12:00:00,0.0,12,0,No Rain
4/4/2023,13:00,0.0,25.6,20.5,63.0,4,2023-04-04 13:00:00,0.0,13,0,No Rain
4/4/2023,14:00,0.0,26.0,20.5,61.0,4,2023-04-04 14:00:00,0.0,14,0,No Rain
4/4/2023,15:00,0.0,26.0,20.8,63.0,4,2023-04-04 15:00:00,0.0,15,0,No Rain
4/4/2023,16:00,0.0,25.5,20.6,64.0,4,2023-04-04 16:00:00,0.0,16,0,No Rain
4/5/2023,8:00,4.8,18.6,18.4,98.0,0,2023-04-05 08:00:00,1.7578579175523736,8,2,Moderate Rain
4/5/2023,9:00,4.8,19.0,18.5,95.0,0,2023-04-05 09:00:00,1.7578579175523736,9,2,Moderate Rain
4/5/2023,10:00,4.8,20.0,18.5,87.0,0,2023-04-05 10:00:00,1.7578579175523736,10,2,Moderate Rain
4/5/2023,11:00,4.8,22.3,20.4,84.0,4,2023-04-05 11:00:00,1.7578579175523736,11,2,Moderate Rain
4/5/2023,12:00,4.8,25.2,21.0,69.0,4,2023-04-05 12:00:00,1.7578579175523736,12,2,Moderate Rain
4/5/2023,13:00,4.8,25.2,21.0,69.0,0,2023-04-05 13:00:00,1.7578579175523736,13,2,Moderate Rain
4/5/2023,14:00,4.8,25.6,20.8,65.0,0,2023-04-05 14:00:00,1.7578579175523736,14,2,Moderate Rain
4/5/2023,15:00,4.8,27.5,21.0,56.0,0,2023-04-05 15:00:00,1.7578579175523736,15,2,Moderate Rain
4/5/2023,16:00,4.8,27.2,21.0,57.0,0,2023-04-05 16:00:00,1.7578579175523736,16,2,Moderate Rain
4/6/2023,8:00,0.0,19.4,18.4,91.0,0,2023-04-06 08:00:00,0.0,8,0,No Rain
4/6/2023,9:00,0.0,20.5,18.5,83.0,0,2023-04-06 09:00:00,0.0,9,0,No Rain
4/6/2023,10:00,0.0,23.0,19.8,75.0,0,2023-04-06 10:00:00,0.0,10,0,No Rain
4/6/2023,11:00,0.0,24.8,20.0,64.0,4,2023-04-06 11:00:00,0.0,11,0,No Rain
4/6/2023,12:00,0.0,25.5,20.2,62.0,4,2023-04-06 12:00:00,0.0,12,0,No Rain
4/6/2023,13:00,0.0,25.8,20.4,61.0,4,2023-04-06 13:00:00,0.0,13,0,No Rain
4/6/2023,14:00,0.0,26.0,20.5,61.0,4,2023-04-06 14:00:00,0.0,14,0,No Rain
4/6/2023,15:00,0.0,26.0,20.5,61.0,6,2023-04-06 15:00:00,0.0,15,0,No Rain
4/6/2023,16:00,0.0,25.2,20.4,65.0,4,2023-04-06 16:00:00,0.0,16,0,No Rain
4/7/2023,8:00,0.0,20.4,19.0,88.0,0,2023-04-07 08:00:00,0.0,8,0,No Rain
4/7/2023,9:00,0.0,23.5,20.0,73.0,2,2023-04-07 09:00:00,0.0,9,0,No Rain
4/7/2023,10:00,0.0,25.5,20.5,64.0,4,2023-04-07 10:00:00,0.0,10,0,No Rain
4/7/2023,11:00,0.0,26.0,20.8,63.0,4,2023-04-07 11:00:00,0.0,11,0,No Rain
4/7/2023,12:00,0.0,26.2,21.0,63.0,6,2023-04-07 12:00:00,0.0,12,0,No Rain
4/7/2023,13:00,0.0,26.4,21.0,62.0,6,2023-04-07 13:00:00,0.0,13,0,No Rain
4/7/2023,14:00,0.0,26.4,21.0,62.0,6,2023-04-07 14:00:00,0.0,14,0,No Rain
4/7/2023,15:00,0.0,26.8,20.8,58.0,6,2023-04-07 15:00:00,0.0,15,0,No Rain
4/7/2023,16:00,0.0,26.5,20.8,60.0,6,2023-04-07 16:00:00,0.0,16,0,No Rain
4/8/2023,8:00,0.0,19.8,18.5,88.0,0,2023-04-08 08:00:00,0.0,8,0,No Rain
4/8/2023,9:00,0.0,20.8,18.9,84.0,0,2023-04-08 09:00:00,0.0,9,0,No Rain
4/8/2023,10:00,0.0,22.8,19.8,76.0,0,2023-04-08 10:00:00,0.0,10,0,No Rain
4/8/2023,11:00,0.0,24.3,20.4,70.0,0,2023-04-08 11:00:00,0.0,11,0,No Rain
4/8/2023,12:00,0.0,26.9,21.0,59.0,4,2023-04-08 12:00:00,0.0,12,0,No Rain
4/8/2023,13:00,0.0,27.0,21.1,59.0,4,2023-04-08 13:00:00,0.0,13,0,No Rain
4/8/2023,14:00,0.0,27.3,21.4,59.0,4,2023-04-08 14:00:00,0.0,14,0,No Rain
4/8/2023,15:00,0.0,27.8,22.3,62.0,5,2023-04-08 15:00:00,0.0,15,0,No Rain
4/8/2023,16:00,0.0,26.1,20.6,61.0,5,2023-04-08 16:00:00,0.0,16,0,No Rain
4/9/2023,8:00,0.4,19.4,18.5,92.0,0,2023-04-09 08:00:00,0.33647223662121295,8,1,Light Rain
4/9/2023,9:00,0.4,20.4,19.0,88.0,0,2023-04-09 09:00:00,0.33647223662121295,9,1,Light Rain
4/9/2023,10:00,0.4,23.6,20.0,72.0,4,2023-04-09 10:00:00,0.33647223662121295,10,1,Light Rain
4/9/2023,11:00,0.4,24.4,20.2,68.0,6,2023-04-09 11:00:00,0.33647223662121295,11,1,Light Rain
4/9/2023,12:00,0.4,23.2,20.2,75.0,4,2023-04-09 12:00:00,0.33647223662121295,12,1,Light Rain
4/9/2023,13:00,0.4,23.0,19.8,75.0,4,2023-04-09 13:00:00,0.33647223662121295,13,1,Light Rain
4/9/2023,14:00,0.4,23.4,20.0,73.0,4,2023-04-09 14:00:00,0.33647223662121295,14,1,Light Rain
4/9/2023,15:00,0.4,24.5,20.4,69.0,4,2023-04-09 15:00:00,0.33647223662121295,15,1,Light Rain
4/9/2023,16:00,0.4,24.8,20.4,67.0,4,2023-04-09 16:00:00,0.33647223662121295,16,1,Light Rain
4/10/2023,8:00,0.0,19.4,18.4,91.0,0,2023-04-10 08:00:00,0.0,8,0,No Rain
4/10/2023,9:00,0.0,23.2,20.0,75.0,0,2023-04-10 09:00:00,0.0,9,0,No Rain
4/10/2023,10:00,0.0,24.8,20.4,67.0,0,2023-04-10 10:00:00,0.0,10,0,No Rain
4/10/2023,11:00,0.0,25.4,20.5,64.0,4,2023-04-10 11:00:00,0.0,11,0,No Rain
4/10/2023,12:00,0.0,26.4,21.0,62.0,4,2023-04-10 12:00:00,0.0,12,0,No Rain
4/10/2023,13:00,0.0,27.0,21.2,60.0,4,2023-04-10 13:00:00,0.0,13,0,No Rain
4/10/2023,14:00,0.0,27.2,21.2,59.0,4,2023-04-10 14:00:00,0.0,14,0,No Rain
4/10/2023,15:00,0.0,28.0,21.5,56.0,4,2023-04-10 15:00:00,0.0,15,0,No Rain
4/10/2023,16:00,0.0,28.2,21.5,55.0,4,2023-04-10 16:00:00,0.0,16,0,No Rain
4/11/2023,8:00,0.0,20.5,19.5,91.0,0,2023-04-11 08:00:00,0.0,8,0,No Rain
4/11/2023,9:00,0.0,23.5,21.0,80.0,0,2023-04-11 09:00:00,0.0,9,0,No Rain
4/11/2023,10:00,0.0,25.5,21.0,66.0,0,2023-04-11 10:00:00,0.0,10,0,No Rain
4/11/2023,11:00,0.0,27.8,21.8,59.0,4,2023-04-11 11:00:00,0.0,11,0,No Rain
4/11/2023,12:00,0.0,28.0,22.0,59.0,4,2023-04-11 12:00:00,0.0,12,0,No Rain
4/11/2023,13:00,0.0,28.1,22.0,59.0,4,2023-04-11 13:00:00,0.0,13,0,No Rain
4/11/2023,14:00,0.0,28.3,22.0,58.0,4,2023-04-11 14:00:00,0.0,14,0,No Rain
4/11/2023,15:00,0.0,28.4,21.8,56.0,4,2023-04-11 15:00:00,0.0,15,0,No Rain
4/11/2023,16:00,0.0,27.0,21.4,61.0,4,2023-04-11 16:00:00,0.0,16,0,No Rain
4/12/2023,8:00,0.0,19.4,18.6,93.0,0,2023-04-12 08:00:00,0.0,8,0,No Rain
4/12/2023,9:00,0.0,21.4,19.4,83.0,0,2023-04-12 09:00:00,0.0,9,0,No Rain
4/12/2023,10:00,0.0,24.0,20.5,73.0,2,2023-04-12 10:00:00,0.0,10,0,No Rain
4/12/2023,11:00,0.0,25.4,21.0,66.0,4,2023-04-12 11:00:00,0.0,11,0,No Rain
4/12/2023,12:00,0.0,26.5,21.0,61.0,4,2023-04-12 12:00:00,0.0,12,0,No Rain
4/12/2023,13:00,0.0,27.0,21.2,60.0,4,2023-04-12 13:00:00,0.0,13,0,No Rain
4/12/2023,14:00,0.0,27.0,21.0,58.0,4,2023-04-12 14:00:00,0.0,14,0,No Rain
4/12/2023,15:00,0.0,27.0,21.2,60.0,4,2023-04-12 15:00:00,0.0,15,0,No Rain
4/12/2023,16:00,0.0,26.8,21.0,60.0,4,2023-04-12 16:00:00,0.0,16,0,No Rain
4/13/2023,8:00,12.8,21.4,19.4,83.0,0,2023-04-13 08:00:00,2.624668592163159,8,3,Heavy Rain
4/13/2023,9:00,12.8,24.0,20.2,71.0,0,2023-04-13 09:00:00,2.624668592163159,9,3,Heavy Rain
4/13/2023,10:00,12.8,24.4,20.2,68.0,4,2023-04-13 10:00:00,2.624668592163159,10,3,Heavy Rain
4/13/2023,11:00,12.8,25.0,20.5,67.0,4,2023-04-13 11:00:00,2.624668592163159,11,3,Heavy Rain
4/13/2023,12:00,12.8,25.5,20.5,64.0,4,2023-04-13 12:00:00,2.624668592163159,12,3,Heavy Rain
4/13/2023,13:00,12.8,26.0,20.8,63.0,4,2023-04-13 13:00:00,2.624668592163159,13,3,Heavy Rain
4/13/2023,14:00,12.8,26.5,20.8,60.0,4,2023-04-13 14:00:00,2.624668592163159,14,3,Heavy Rain
4/13/2023,15:00,12.8,26.5,20.8,60.0,4,2023-04-13 15:00:00,2.624668592163159,15,3,Heavy Rain
4/13/2023,16:00,12.8,26.0,20.6,61.0,4,2023-04-13 16:00:00,2.624668592163159,16,3,Heavy Rain
4/14/2023,8:00,0.6,19.2,18.5,94.0,0,2023-04-14 08:00:00,0.4700036292457356,8,1,Light Rain
4/14/2023,9:00,0.6,20.0,19.2,93.0,0,2023-04-14 09:00:00,0.4700036292457356,9,1,Light Rain
4/14/2023,10:00,0.6,20.8,19.3,87.0,0,2023-04-14 10:00:00,0.4700036292457356,10,1,Light Rain
4/14/2023,11:00,0.6,23.8,20.8,76.0,2,2023-04-14 11:00:00,0.4700036292457356,11,1,Light Rain
4/14/2023,12:00,0.6,26.5,21.5,64.0,4,2023-04-14 12:00:00,0.4700036292457356,12,1,Light Rain
4/14/2023,13:00,0.6,26.5,21.5,64.0,4,2023-04-14 13:00:00,0.4700036292457356,13,1,Light Rain
4/14/2023,14:00,0.6,26.6,21.5,64.0,4,2023-04-14 14:00:00,0.4700036292457356,14,1,Light Rain
4/14/2023,15:00,0.6,26.6,21.3,63.0,4,2023-04-14 15:00:00,0.4700036292457356,15,1,Light Rain
4/14/2023,16:00,0.6,26.6,21.3,63.0,4,2023-04-14 16:00:00,0.4700036292457356,16,1,Light Rain
4/15/2023,8:00,10.3,20.4,19.6,93.0,0,2023-04-15 08:00:00,2.424802725718295,8,2,Moderate Rain
4/15/2023,9:00,10.3,22.5,20.0,80.0,0,2023-04-15 09:00:00,2.424802725718295,9,2,Moderate Rain
4/15/2023,10:00,10.3,24.8,20.6,69.0,4,2023-04-15 10:00:00,2.424802725718295,10,2,Moderate Rain
4/15/2023,11:00,10.3,26.0,20.6,61.0,4,2023-04-15 11:00:00,2.424802725718295,11,2,Moderate Rain
4/15/2023,12:00,10.3,27.2,21.2,59.0,4,2023-04-15 12:00:00,2.424802725718295,12,2,Moderate Rain
4/15/2023,13:00,10.3,27.4,21.2,58.0,4,2023-04-15 13:00:00,2.424802725718295,13,2,Moderate Rain
4/15/2023,14:00,10.3,27.0,21.0,58.0,4,2023-04-15 14:00:00,2.424802725718295,14,2,Moderate Rain
4/15/2023,15:00,10.3,27.4,21.4,59.0,4,2023-04-15 15:00:00,2.424802725718295,15,2,Moderate Rain
4/15/2023,16:00,10.3,27.0,21.0,58.0,4,2023-04-15 16:00:00,2.424802725718295,16,2,Moderate Rain
4/16/2023,8:00,0.0,19.4,18.6,93.0,0,2023-04-16 08:00:00,0.0,8,0,No Rain
4/16/2023,9:00,0.0,22.0,19.5,79.0,0,2023-04-16 09:00:00,0.0,9,0,No Rain
4/16/2023,10:00,0.0,24.2,20.0,68.0,2,2023-04-16 10:00:00,0.0,10,0,No Rain
4/16/2023,11:00,0.0,25.2,20.5,65.0,4,2023-04-16 11:00:00,0.0,11,0,No Rain
4/16/2023,12:00,0.0,26.2,21.0,63.0,4,2023-04-16 12:00:00,0.0,12,0,No Rain
4/16/2023,13:00,0.0,26.4,21.0,62.0,4,2023-04-16 13:00:00,0.0,13,0,No Rain
4/16/2023,14:00,0.0,26.8,21.0,60.0,4,2023-04-16 14:00:00,0.0,14,0,No Rain
4/16/2023,15:00,0.0,27.2,21.2,59.0,2,2023-04-16 15:00:00,0.0,15,0,No Rain
4/16/2023,16:00,0.0,26.6,21.0,61.0,4,2023-04-16 16:00:00,0.0,16,0,No Rain
4/17/2023,8:00,33.0,20.5,19.6,92.0,0,2023-04-17 08:00:00,3.5263605246161616,8,3,Heavy Rain
4/17/2023,9:00,33.0,22.5,20.5,83.0,0,2023-04-17 09:00:00,3.5263605246161616,9,3,Heavy Rain
4/17/2023,10:00,33.0,23.0,20.5,80.0,5,2023-04-17 10:00:00,3.5263605246161616,10,3,Heavy Rain
4/17/2023,11:00,33.0,23.4,20.2,75.0,5,2023-04-17 11:00:00,3.5263605246161616,11,3,Heavy Rain
4/17/2023,12:00,33.0,23.4,20.2,75.0,4,2023-04-17 12:00:00,3.5263605246161616,12,3,Heavy Rain
4/17/2023,13:00,33.0,24.3,20.2,69.0,0,2023-04-17 13:00:00,3.5263605246161616,13,3,Heavy Rain
4/17/2023,14:00,33.0,24.6,20.4,68.0,0,2023-04-17 14:00:00,3.5263605246161616,14,3,Heavy Rain
4/17/2023,15:00,33.0,25.4,21.0,67.0,4,2023-04-17 15:00:00,3.5263605246161616,15,3,Heavy Rain
4/17/2023,16:00,33.0,25.6,21.0,66.0,0,2023-04-17 16:00:00,3.5263605246161616,16,3,Heavy Rain
4/18/2023,8:00,0.0,18.4,18.2,98.0,0,2023-04-18 08:00:00,0.0,8,0,No Rain
4/18/2023,9:00,0.0,19.5,18.0,87.0,2,2023-04-18 09:00:00,0.0,9,0,No Rain
4/18/2023,10:00,0.0,22.0,19.0,75.0,2,2023-04-18 10:00:00,0.0,10,0,No Rain
4/18/2023,11:00,0.0,24.2,20.0,68.0,2,2023-04-18 11:00:00,0.0,11,0,No Rain
4/18/2023,12:00,0.0,25.0,20.0,63.0,0,2023-04-18 12:00:00,0.0,12,0,No Rain
4/18/2023,13:00,0.0,25.2,20.4,65.0,4,2023-04-18 13:00:00,0.0,13,0,No Rain
4/18/2023,14:00,0.0,25.4,20.4,63.0,4,2023-04-18 14:00:00,0.0,14,0,No Rain
4/18/2023,15:00,0.0,25.5,20.5,64.0,4,2023-04-18 15:00:00,0.0,15,0,No Rain
4/18/2023,16:00,0.0,26.0,20.6,61.0,4,2023-04-18 16:00:00,0.0,16,0,No Rain
4/19/2023,8:00,2.3,20.4,19.6,93.0,0,2023-04-19 08:00:00,1.1939224684724346,8,2,Moderate Rain
4/19/2023,9:00,2.3,23.5,20.5,76.0,0,2023-04-19 09:00:00,1.1939224684724346,9,2,Moderate Rain
4/19/2023,10:00,2.3,25.5,20.6,64.0,4,2023-04-19 10:00:00,1.1939224684724346,10,2,Moderate Rain
4/19/2023,11:00,2.3,26.5,21.0,61.0,6,2023-04-19 11:00:00,1.1939224684724346,11,2,Moderate Rain
4/19/2023,12:00,2.3,26.5,21.0,61.0,6,2023-04-19 12:00:00,1.1939224684724346,12,2,Moderate Rain
4/19/2023,13:00,2.3,26.5,21.0,61.0,6,2023-04-19 13:00:00,1.1939224684724346,13,2,Moderate Rain
4/19/2023,14:00,2.3,25.4,21.0,67.0,4,2023-04-19 14:00:00,1.1939224684724346,14,2,Moderate Rain
4/19/2023,15:00,2.3,26.4,21.2,63.0,8,2023-04-19 15:00:00,1.1939224684724346,15,2,Moderate Rain
4/19/2023,16:00,2.3,26.5,21.0,61.0,6,2023-04-19 16:00:00,1.1939224684724346,16,2,Moderate Rain
4/20/2023,8:00,7.8,20.2,19.4,93.0,0,2023-04-20 08:00:00,2.174751721484161,8,2,Moderate Rain
4/20/2023,9:00,7.8,21.0,19.0,83.0,0,2023-04-20 09:00:00,2.174751721484161,9,2,Moderate Rain
4/20/2023,10:00,7.8,23.5,19.4,68.0,0,2023-04-20 10:00:00,2.174751721484161,10,2,Moderate Rain
4/20/2023,11:00,7.8,24.8,20.3,66.0,0,2023-04-20 11:00:00,2.174751721484161,11,2,Moderate Rain
4/20/2023,12:00,7.8,26.5,21.0,61.0,6,2023-04-20 12:00:00,2.174751721484161,12,2,Moderate Rain
4/20/2023,13:00,7.8,26.5,21.0,61.0,4,2023-04-20 13:00:00,2.174751721484161,13,2,Moderate Rain
4/20/2023,14:00,7.8,26.3,20.3,58.0,3,2023-04-20 14:00:00,2.174751721484161,14,2,Moderate Rain
4/20/2023,15:00,7.8,26.8,21.2,61.0,4,2023-04-20 15:00:00,2.174751721484161,15,2,Moderate Rain
4/20/2023,16:00,7.8,26.5,21.2,62.0,4,2023-04-20 16:00:00,2.174751721484161,16,2,Moderate Rain
4/21/2023,8:00,8.4,18.4,18.2,98.0,0,2023-04-21 08:00:00,2.2407096892759584,8,2,Moderate Rain
4/21/2023,9:00,8.4,20.0,19.5,96.0,0,2023-04-21 09:00:00,2.2407096892759584,9,2,Moderate Rain
4/21/2023,10:00,8.4,22.0,20.0,83.0,0,2023-04-21 10:00:00,2.2407096892759584,10,2,Moderate Rain
4/21/2023,11:00,8.4,22.8,20.8,77.0,0,2023-04-21 11:00:00,2.2407096892759584,11,2,Moderate Rain
4/21/2023,12:00,8.4,25.0,21.0,70.0,2,2023-04-21 12:00:00,2.2407096892759584,12,2,Moderate Rain
4/21/2023,13:00,8.4,26.0,20.8,62.0,2,2023-04-21 13:00:00,2.2407096892759584,13,2,Moderate Rain
4/21/2023,14:00,8.4,26.4,21.0,61.0,4,2023-04-21 14:00:00,2.2407096892759584,14,2,Moderate Rain
4/21/2023,15:00,8.4,27.0,21.0,58.0,4,2023-04-21 15:00:00,2.2407096892759584,15,2,Moderate Rain
4/21/2023,16:00,8.4,27.0,21.0,58.0,4,2023-04-21 16:00:00,2.2407096892759584,16,2,Moderate Rain
4/22/2023,8:00,10.1,18.4,18.4,100.0,0,2023-04-22 08:00:00,2.4069451083182885,8,2,Moderate Rain
4/22/2023,9:00,10.1,18.0,18.0,100.0,0,2023-04-22 09:00:00,2.4069451083182885,9,2,Moderate Rain
4/22/2023,10:00,10.1,18.4,18.4,100.0,0,2023-04-22 10:00:00,2.4069451083182885,10,2,Moderate Rain
4/22/2023,11:00,10.1,18.6,18.6,100.0,0,2023-04-22 11:00:00,2.4069451083182885,11,2,Moderate Rain
4/22/2023,12:00,10.1,19.4,19.0,96.0,0,2023-04-22 12:00:00,2.4069451083182885,12,2,Moderate Rain
4/22/2023,13:00,10.1,19.6,19.0,94.0,4,2023-04-22 13:00:00,2.4069451083182885,13,2,Moderate Rain
4/22/2023,14:00,10.1,20.2,19.2,91.0,4,2023-04-22 14:00:00,2.4069451083182885,14,2,Moderate Rain
4/22/2023,15:00,10.1,21.0,19.0,83.0,4,2023-04-22 15:00:00,2.4069451083182885,15,2,Moderate Rain
4/22/2023,16:00,10.1,22.5,19.5,76.0,4,2023-04-22 16:00:00,2.4069451083182885,16,2,Moderate Rain
4/23/2023,8:00,11.1,20.2,19.4,93.0,0,2023-04-23 08:00:00,2.4932054526026954,8,3,Heavy Rain
4/23/2023,9:00,11.1,21.0,20.5,96.0,0,2023-04-23 09:00:00,2.4932054526026954,9,3,Heavy Rain
4/23/2023,10:00,11.1,21.5,20.8,94.0,0,2023-04-23 10:00:00,2.4932054526026954,10,3,Heavy Rain
4/23/2023,11:00,11.1,20.2,19.5,94.0,3,2023-04-23 11:00:00,2.4932054526026954,11,3,Heavy Rain
4/23/2023,12:00,11.1,19.5,19.2,97.0,0,2023-04-23 12:00:00,2.4932054526026954,12,3,Heavy Rain
4/23/2023,13:00,11.1,20.0,19.2,93.0,0,2023-04-23 13:00:00,2.4932054526026954,13,3,Heavy Rain
4/23/2023,14:00,11.1,20.0,19.3,94.0,0,2023-04-23 14:00:00,2.4932054526026954,14,3,Heavy Rain
4/23/2023,15:00,11.1,20.6,20.0,95.0,0,2023-04-23 15:00:00,2.4932054526026954,15,3,Heavy Rain
4/23/2023,16:00,11.1,20.5,20.0,96.0,0,2023-04-23 16:00:00,2.4932054526026954,16,3,Heavy Rain
4/24/2023,8:00,49.8,19.0,18.5,96.0,0,2023-04-24 08:00:00,3.927896354584436,8,3,Heavy Rain
4/24/2023,9:00,49.8,20.0,19.0,91.0,0,2023-04-24 09:00:00,3.927896354584436,9,3,Heavy Rain
4/24/2023,10:00,49.8,22.0,19.8,82.0,0,2023-04-24 10:00:00,3.927896354584436,10,3,Heavy Rain
4/24/2023,11:00,49.8,23.0,20.0,76.0,4,2023-04-24 11:00:00,3.927896354584436,11,3,Heavy Rain
4/24/2023,12:00,49.8,23.5,20.0,73.0,0,2023-04-24 12:00:00,3.927896354584436,12,3,Heavy Rain
4/24/2023,13:00,49.8,25.0,20.4,66.0,3,2023-04-24 13:00:00,3.927896354584436,13,3,Heavy Rain
4/24/2023,14:00,49.8,26.0,20.6,61.0,4,2023-04-24 14:00:00,3.927896354584436,14,3,Heavy Rain
4/24/2023,15:00,49.8,26.2,21.0,63.0,2,2023-04-24 15:00:00,3.927896354584436,15,3,Heavy Rain
4/24/2023,16:00,49.8,25.0,20.4,66.0,4,2023-04-24 16:00:00,3.927896354584436,16,3,Heavy Rain
4/25/2023,8:00,3.5,19.2,18.5,94.0,0,2023-04-25 08:00:00,1.5040773967762742,8,2,Moderate Rain
4/25/2023,9:00,3.5,20.0,19.4,95.0,0,2023-04-25 09:00:00,1.5040773967762742,9,2,Moderate Rain
4/25/2023,10:00,3.5,21.6,20.2,88.0,0,2023-04-25 10:00:00,1.5040773967762742,10,2,Moderate Rain
4/25/2023,11:00,3.5,22.6,20.6,84.0,4,2023-04-25 11:00:00,1.5040773967762742,11,2,Moderate Rain
4/25/2023,12:00,3.5,23.4,20.3,76.0,0,2023-04-25 12:00:00,1.5040773967762742,12,2,Moderate Rain
4/25/2023,13:00,3.5,24.2,21.0,75.0,2,2023-04-25 13:00:00,1.5040773967762742,13,2,Moderate Rain
4/25/2023,14:00,3.5,24.6,21.2,74.0,2,2023-04-25 14:00:00,1.5040773967762742,14,2,Moderate Rain
4/25/2023,15:00,3.5,25.5,19.8,59.0,2,2023-04-25 15:00:00,1.5040773967762742,15,2,Moderate Rain
4/25/2023,16:00,3.5,25.0,19.8,62.0,4,2023-04-25 16:00:00,1.5040773967762742,16,2,Moderate Rain
4/26/2023,8:00,10.6,19.0,18.5,96.0,0,2023-04-26 08:00:00,2.451005098112319,8,3,Heavy Rain
4/26/2023,9:00,10.6,19.0,18.6,95.0,0,2023-04-26 09:00:00,2.451005098112319,9,3,Heavy Rain
4/26/2023,10:00,10.6,20.0,18.8,89.0,0,2023-04-26 10:00:00,2.451005098112319,10,3,Heavy Rain
4/26/2023,11:00,10.6,21.8,19.6,82.0,0,2023-04-26 11:00:00,2.451005098112319,11,3,Heavy Rain
4/26/2023,12:00,10.6,21.5,19.4,82.0,4,2023-04-26 12:00:00,2.451005098112319,12,3,Heavy Rain
4/26/2023,13:00,10.6,22.9,19.6,74.0,2,2023-04-26 13:00:00,2.451005098112319,13,3,Heavy Rain
4/26/2023,14:00,10.6,24.5,19.8,57.0,4,2023-04-26 14:00:00,2.451005098112319,14,3,Heavy Rain
4/26/2023,15:00,10.6,25.8,19.8,57.0,4,2023-04-26 15:00:00,2.451005098112319,15,3,Heavy Rain
4/26/2023,16:00,10.6,25.9,20.0,58.0,2,2023-04-26 16:00:00,2.451005098112319,16,3,Heavy Rain
4/27/2023,8:00,0.5,18.0,18.0,100.0,0,2023-04-27 08:00:00,0.4054651081081644,8,1,Light Rain
4/27/2023,9:00,0.5,18.4,18.0,96.0,0,2023-04-27 09:00:00,0.4054651081081644,9,1,Light Rain
4/27/2023,10:00,0.5,19.0,18.4,94.0,0,2023-04-27 10:00:00,0.4054651081081644,10,1,Light Rain
4/27/2023,11:00,0.5,20.0,18.6,88.0,4,2023-04-27 11:00:00,0.4054651081081644,11,1,Light Rain
4/27/2023,12:00,0.5,21.5,19.0,79.0,4,2023-04-27 12:00:00,0.4054651081081644,12,1,Light Rain
4/27/2023,13:00,0.5,23.8,20.0,71.0,4,2023-04-27 13:00:00,0.4054651081081644,13,1,Light Rain
4/27/2023,14:00,0.5,25.0,20.6,67.0,0,2023-04-27 14:00:00,0.4054651081081644,14,1,Light Rain
4/27/2023,15:00,0.5,26.0,20.6,61.0,4,2023-04-27 15:00:00,0.4054651081081644,15,1,Light Rain
4/27/2023,16:00,0.5,25.6,20.5,63.0,4,2023-04-27 16:00:00,0.4054651081081644,16,1,Light Rain
4/28/2023,8:00,35.1,20.4,19.4,91.0,0,2023-04-28 08:00:00,3.586292865338835,8,3,Heavy Rain
4/28/2023,9:00,35.1,22.0,19.8,82.0,0,2023-04-28 09:00:00,3.586292865338835,9,3,Heavy Rain
4/28/2023,10:00,35.1,23.5,20.2,74.0,4,2023-04-28 10:00:00,3.586292865338835,10,3,Heavy Rain
4/28/2023,11:00,35.1,24.0,20.4,72.0,4,2023-04-28 11:00:00,3.586292865338835,11,3,Heavy Rain
4/28/2023,12:00,35.1,25.0,20.8,69.0,4,2023-04-28 12:00:00,3.586292865338835,12,3,Heavy Rain
4/28/2023,13:00,35.1,26.0,21.0,64.0,4,2023-04-28 13:00:00,3.586292865338835,13,3,Heavy Rain
4/28/2023,14:00,35.1,25.8,21.0,65.0,4,2023-04-28 14:00:00,3.586292865338835,14,3,Heavy Rain
4/28/2023,15:00,35.1,26.2,21.0,63.0,4,2023-04-28 15:00:00,3.586292865338835,15,3,Heavy Rain
4/28/2023,16:00,35.1,26.5,20.6,59.0,4,2023-04-28 16:00:00,3.586292865338835,16,3,Heavy Rain
4/29/2023,8:00,29.2,17.8,17.8,100.0,0,2023-04-29 08:00:00,3.407841924380824,8,3,Heavy Rain
4/29/2023,9:00,29.2,18.0,18.0,100.0,0,2023-04-29 09:00:00,3.407841924380824,9,3,Heavy Rain
4/29/2023,10:00,29.2,20.3,19.0,88.0,0,2023-04-29 10:00:00,3.407841924380824,10,3,Heavy Rain
4/29/2023,11:00,29.2,20.8,19.3,87.0,3,2023-04-29 11:00:00,3.407841924380824,11,3,Heavy Rain
4/29/2023,12:00,29.2,21.5,19.4,82.0,4,2023-04-29 12:00:00,3.407841924380824,12,3,Heavy Rain
4/29/2023,13:00,29.2,25.0,19.4,59.0,4,2023-04-29 13:00:00,3.407841924380824,13,3,Heavy Rain
4/29/2023,14:00,29.2,25.4,19.5,58.0,4,2023-04-29 14:00:00,3.407841924380824,14,3,Heavy Rain
4/29/2023,15:00,29.2,25.8,19.8,57.0,0,2023-04-29 15:00:00,3.407841924380824,15,3,Heavy Rain
4/29/2023,16:00,29.2,25.7,19.8,58.0,0,2023-04-29 16:00:00,3.407841924380824,16,3,Heavy Rain
4/30/2023,8:00,19.4,18.0,18.0,100.0,0,2023-04-30 08:00:00,3.0155349008501706,8,3,Heavy Rain
4/30/2023,9:00,19.4,18.4,18.4,100.0,0,2023-04-30 09:00:00,3.0155349008501706,9,3,Heavy Rain
4/30/2023,10:00,19.4,18.5,18.5,100.0,0,2023-04-30 10:00:00,3.0155349008501706,10,3,Heavy Rain
4/30/2023,11:00,19.4,18.6,18.6,100.0,0,2023-04-30 11:00:00,3.0155349008501706,11,3,Heavy Rain
4/30/2023,12:00,19.4,19.0,18.8,98.0,0,2023-04-30 12:00:00,3.0155349008501706,12,3,Heavy Rain
4/30/2023,13:00,19.4,20.0,19.2,93.0,0,2023-04-30 13:00:00,3.0155349008501706,13,3,Heavy Rain
4/30/2023,14:00,19.4,21.2,19.5,85.0,4,2023-04-30 14:00:00,3.0155349008501706,14,3,Heavy Rain
4/30/2023,15:00,19.4,23.0,20.0,76.0,4,2023-04-30 15:00:00,3.0155349008501706,15,3,Heavy Rain
4/30/2023,16:00,19.4,23.2,20.2,76.0,4,2023-04-30 16:00:00,3.0155349008501706,16,3,Heavy Rain
5/1/2023,8:00,3.5,18.0,18.0,100.0,0,2023-05-01 08:00:00,1.5040773967762742,8,2,Moderate Rain
5/1/2023,9:00,3.5,18.5,18.5,100.0,0,2023-05-01 09:00:00,1.5040773967762742,9,2,Moderate Rain
5/1/2023,10:00,3.5,19.5,19.0,96.0,0,2023-05-01 10:00:00,1.5040773967762742,10,2,Moderate Rain
5/1/2023,11:00,3.5,20.0,19.2,93.0,0,2023-05-01 11:00:00,1.5040773967762742,11,2,Moderate Rain
5/1/2023,12:00,3.5,20.5,19.5,91.0,0,2023-05-01 12:00:00,1.5040773967762742,12,2,Moderate Rain
5/1/2023,13:00,3.5,20.5,19.5,91.0,2,2023-05-01 13:00:00,1.5040773967762742,13,2,Moderate Rain
5/1/2023,14:00,3.5,20.5,19.5,91.0,2,2023-05-01 14:00:00,1.5040773967762742,14,2,Moderate Rain
5/1/2023,15:00,3.5,20.5,19.0,87.0,2,2023-05-01 15:00:00,1.5040773967762742,15,2,Moderate Rain
5/1/2023,16:00,3.5,22.0,19.4,79.0,2,2023-05-01 16:00:00,1.5040773967762742,16,2,Moderate Rain
5/2/2023,8:00,7.1,19.0,18.6,96.0,0,2023-05-02 08:00:00,2.0918640616783932,8,2,Moderate Rain
5/2/2023,9:00,7.1,20.5,19.5,91.0,0,2023-05-02 09:00:00,2.0918640616783932,9,2,Moderate Rain
5/2/2023,10:00,7.1,23.5,20.0,72.0,0,2023-05-02 10:00:00,2.0918640616783932,10,2,Moderate Rain
5/2/2023,11:00,7.1,25.0,20.5,67.0,4,2023-05-02 11:00:00,2.0918640616783932,11,2,Moderate Rain
5/2/2023,12:00,7.1,25.5,20.5,64.0,4,2023-05-02 12:00:00,2.0918640616783932,12,2,Moderate Rain
5/2/2023,13:00,7.1,27.0,21.0,58.0,4,2023-05-02 13:00:00,2.0918640616783932,13,2,Moderate Rain
5/2/2023,14:00,7.1,27.4,21.2,58.0,4,2023-05-02 14:00:00,2.0918640616783932,14,2,Moderate Rain
5/2/2023,15:00,7.1,26.8,21.4,62.0,4,2023-05-02 15:00:00,2.0918640616783932,15,2,Moderate Rain
5/2/2023,16:00,7.1,26.0,21.0,64.0,2,2023-05-02 16:00:00,2.0918640616783932,16,2,Moderate Rain
5/3/2023,8:00,0.6,20.0,19.4,97.0,0,2023-05-03 08:00:00,0.4700036292457356,8,1,Light Rain
5/3/2023,9:00,0.6,21.0,20.0,91.0,0,2023-05-03 09:00:00,0.4700036292457356,9,1,Light Rain
5/3/2023,10:00,0.6,21.6,20.0,86.0,0,2023-05-03 10:00:00,0.4700036292457356,10,1,Light Rain
5/3/2023,11:00,0.6,21.8,20.3,87.0,0,2023-05-03 11:00:00,0.4700036292457356,11,1,Light Rain
5/3/2023,12:00,0.6,22.0,20.5,87.0,6,2023-05-03 12:00:00,0.4700036292457356,12,1,Light Rain
5/3/2023,13:00,0.6,22.3,20.5,85.0,4,2023-05-03 13:00:00,0.4700036292457356,13,1,Light Rain
5/3/2023,14:00,0.6,22.5,20.5,84.0,0,2023-05-03 14:00:00,0.4700036292457356,14,1,Light Rain
5/3/2023,15:00,0.6,22.5,20.5,83.0,2,2023-05-03 15:00:00,0.4700036292457356,15,1,Light Rain
5/3/2023,16:00,0.6,23.0,20.6,80.0,2,2023-05-03 16:00:00,0.4700036292457356,16,1,Light Rain
5/4/2023,8:00,1.7,20.5,19.5,91.0,0,2023-05-04 08:00:00,0.9932517730102833,8,2,Moderate Rain
5/4/2023,9:00,1.7,23.0,20.3,78.0,0,2023-05-04 09:00:00,0.9932517730102833,9,2,Moderate Rain
5/4/2023,10:00,1.7,24.8,20.8,70.0,0,2023-05-04 10:00:00,0.9932517730102833,10,2,Moderate Rain
5/4/2023,11:00,1.7,25.0,21.0,70.0,0,2023-05-04 11:00:00,0.9932517730102833,11,2,Moderate Rain
5/4/2023,12:00,1.7,25.5,21.2,68.0,4,2023-05-04 12:00:00,0.9932517730102833,12,2,Moderate Rain
5/4/2023,13:00,1.7,25.0,21.0,70.0,0,2023-05-04 13:00:00,0.9932517730102833,13,2,Moderate Rain
5/4/2023,14:00,1.7,24.8,20.8,70.0,0,2023-05-04 14:00:00,0.9932517730102833,14,2,Moderate Rain
5/4/2023,15:00,1.7,24.8,20.8,70.0,2,2023-05-04 15:00:00,0.9932517730102833,15,2,Moderate Rain
5/4/2023,16:00,1.7,24.5,20.5,70.0,4,2023-05-04 16:00:00,0.9932517730102833,16,2,Moderate Rain
5/5/2023,8:00,3.1,20.0,19.2,93.0,0,2023-05-05 08:00:00,1.410986973710262,8,2,Moderate Rain
5/5/2023,9:00,3.1,21.2,19.5,86.0,0,2023-05-05 09:00:00,1.410986973710262,9,2,Moderate Rain
5/5/2023,10:00,3.1,22.5,20.0,80.0,0,2023-05-05 10:00:00,1.410986973710262,10,2,Moderate Rain
5/5/2023,11:00,3.1,24.0,20.5,73.0,2,2023-05-05 11:00:00,1.410986973710262,11,2,Moderate Rain
5/5/2023,12:00,3.1,24.2,20.6,72.0,2,2023-05-05 12:00:00,1.410986973710262,12,2,Moderate Rain
5/5/2023,13:00,3.1,23.5,20.4,76.0,4,2023-05-05 13:00:00,1.410986973710262,13,2,Moderate Rain
5/5/2023,14:00,3.1,22.0,20.0,83.0,4,2023-05-05 14:00:00,1.410986973710262,14,2,Moderate Rain
5/5/2023,15:00,3.1,23.0,20.2,78.0,4,2023-05-05 15:00:00,1.410986973710262,15,2,Moderate Rain
5/5/2023,16:00,3.1,24.4,20.5,70.0,4,2023-05-05 16:00:00,1.410986973710262,16,2,Moderate Rain
5/6/2023,8:00,0.0,21.0,19.6,88.0,0,2023-05-06 08:00:00,0.0,8,0,No Rain
5/6/2023,9:00,0.0,23.0,20.2,76.0,0,2023-05-06 09:00:00,0.0,9,0,No Rain
5/6/2023,10:00,0.0,24.0,20.2,71.0,0,2023-05-06 10:00:00,0.0,10,0,No Rain
5/6/2023,11:00,0.0,25.0,21.0,70.0,4,2023-05-06 11:00:00,0.0,11,0,No Rain
5/6/2023,12:00,0.0,25.5,21.0,67.0,4,2023-05-06 12:00:00,0.0,12,0,No Rain
5/6/2023,13:00,0.0,26.0,21.2,65.0,4,2023-05-06 13:00:00,0.0,13,0,No Rain
5/6/2023,14:00,0.0,26.4,21.0,62.0,6,2023-05-06 14:00:00,0.0,14,0,No Rain
5/6/2023,15:00,0.0,27.0,21.0,58.0,4,2023-05-06 15:00:00,0.0,15,0,No Rain
5/6/2023,16:00,0.0,26.5,20.8,60.0,4,2023-05-06 16:00:00,0.0,16,0,No Rain
5/7/2023,8:00,0.0,20.2,19.2,91.0,0,2023-05-07 08:00:00,0.0,8,0,No Rain
5/7/2023,9:00,0.0,22.4,19.8,79.0,0,2023-05-07 09:00:00,0.0,9,0,No Rain
5/7/2023,10:00,0.0,24.4,20.6,71.0,0,2023-05-07 10:00:00,0.0,10,0,No Rain
5/7/2023,11:00,0.0,25.4,20.8,66.0,4,2023-05-07 11:00:00,0.0,11,0,No Rain
5/7/2023,12:00,0.0,26.5,21.0,61.0,4,2023-05-07 12:00:00,0.0,12,0,No Rain
5/7/2023,13:00,0.0,27.0,21.0,58.0,4,2023-05-07 13:00:00,0.0,13,0,No Rain
5/7/2023,14:00,0.0,27.4,21.2,58.0,4,2023-05-07 14:00:00,0.0,14,0,No Rain
5/7/2023,15:00,0.0,27.5,21.0,56.0,2,2023-05-07 15:00:00,0.0,15,0,No Rain
5/7/2023,16:00,0.0,27.5,21.0,56.0,2,2023-05-07 16:00:00,0.0,16,0,No Rain
5/8/2023,8:00,32.0,21.0,19.5,87.0,0,2023-05-08 08:00:00,3.4965075614664802,8,3,Heavy Rain
5/8/2023,9:00,32.0,22.5,19.8,78.0,0,2023-05-08 09:00:00,3.4965075614664802,9,3,Heavy Rain
5/8/2023,10:00,32.0,22.5,19.8,78.0,0,2023-05-08 10:00:00,3.4965075614664802,10,3,Heavy Rain
5/8/2023,11:00,32.0,26.0,20.5,61.0,4,2023-05-08 11:00:00,3.4965075614664802,11,3,Heavy Rain
5/8/2023,12:00,32.0,26.2,21.0,63.0,4,2023-05-08 12:00:00,3.4965075614664802,12,3,Heavy Rain
5/8/2023,13:00,32.0,26.2,21.0,63.0,0,2023-05-08 13:00:00,3.4965075614664802,13,3,Heavy Rain
5/8/2023,14:00,32.0,26.0,21.0,64.0,2,2023-05-08 14:00:00,3.4965075614664802,14,3,Heavy Rain
5/8/2023,15:00,32.0,25.7,21.0,66.0,2,2023-05-08 15:00:00,3.4965075614664802,15,3,Heavy Rain
5/8/2023,16:00,32.0,25.0,20.8,69.0,2,2023-05-08 16:00:00,3.4965075614664802,16,3,Heavy Rain
5/9/2023,8:00,36.5,20.2,19.4,93.0,0,2023-05-09 08:00:00,3.624340932976365,8,3,Heavy Rain
5/9/2023,9:00,36.5,22.0,19.8,82.0,0,2023-05-09 09:00:00,3.624340932976365,9,3,Heavy Rain
5/9/2023,10:00,36.5,24.0,20.4,72.0,2,2023-05-09 10:00:00,3.624340932976365,10,3,Heavy Rain
5/9/2023,11:00,36.5,24.5,20.5,70.0,2,2023-05-09 11:00:00,3.624340932976365,11,3,Heavy Rain
5/9/2023,12:00,36.5,24.5,20.5,70.0,4,2023-05-09 12:00:00,3.624340932976365,12,3,Heavy Rain
5/9/2023,13:00,36.5,25.2,20.8,67.0,4,2023-05-09 13:00:00,3.624340932976365,13,3,Heavy Rain
5/9/2023,14:00,36.5,25.8,20.8,64.0,4,2023-05-09 14:00:00,3.624340932976365,14,3,Heavy Rain
5/9/2023,15:00,36.5,26.4,21.0,62.0,4,2023-05-09 15:00:00,3.624340932976365,15,3,Heavy Rain
5/9/2023,16:00,36.5,26.4,21.0,62.0,4,2023-05-09 16:00:00,3.624340932976365,16,3,Heavy Rain
5/10/2023,8:00,0.6,18.0,18.0,100.0,0,2023-05-10 08:00:00,0.4700036292457356,8,1,Light Rain
5/10/2023,9:00,0.6,18.4,18.4,100.0,0,2023-05-10 09:00:00,0.4700036292457356,9,1,Light Rain
5/10/2023,10:00,0.6,19.0,18.8,98.0,0,2023-05-10 10:00:00,0.4700036292457356,10,1,Light Rain
5/10/2023,11:00,0.6,20.4,19.2,89.0,2,2023-05-10 11:00:00,0.4700036292457356,11,1,Light Rain
5/10/2023,12:00,0.6,22.0,19.5,79.0,2,2023-05-10 12:00:00,0.4700036292457356,12,1,Light Rain
5/10/2023,13:00,0.6,24.2,20.2,70.0,4,2023-05-10 13:00:00,0.4700036292457356,13,1,Light Rain
5/10/2023,14:00,0.6,25.4,20.4,64.0,4,2023-05-10 14:00:00,0.4700036292457356,14,1,Light Rain
5/10/2023,15:00,0.6,26.4,20.5,59.0,2,2023-05-10 15:00:00,0.4700036292457356,15,1,Light Rain
5/10/2023,16:00,0.6,26.5,20.5,59.0,0,2023-05-10 16:00:00,0.4700036292457356,16,1,Light Rain
5/11/2023,8:00,6.5,19.4,19.0,96.0,0,2023-05-11 08:00:00,2.0149030205422647,8,2,Moderate Rain
5/11/2023,9:00,6.5,20.6,19.4,89.0,0,2023-05-11 09:00:00,2.0149030205422647,9,2,Moderate Rain
5/11/2023,10:00,6.5,21.9,19.4,79.0,0,2023-05-11 10:00:00,2.0149030205422647,10,2,Moderate Rain
5/11/2023,11:00,6.5,23.9,19.8,69.0,0,2023-05-11 11:00:00,2.0149030205422647,11,2,Moderate Rain
5/11/2023,12:00,6.5,24.8,20.5,68.0,5,2023-05-11 12:00:00,2.0149030205422647,12,2,Moderate Rain
5/11/2023,13:00,6.5,24.5,20.5,70.0,5,2023-05-11 13:00:00,2.0149030205422647,13,2,Moderate Rain
5/11/2023,14:00,6.5,24.0,20.5,73.0,5,2023-05-11 14:00:00,2.0149030205422647,14,2,Moderate Rain
5/11/2023,15:00,6.5,23.8,20.5,74.0,0,2023-05-11 15:00:00,2.0149030205422647,15,2,Moderate Rain
5/11/2023,16:00,6.5,25.7,20.5,62.0,4,2023-05-11 16:00:00,2.0149030205422647,16,2,Moderate Rain
5/12/2023,8:00,0.3,19.4,18.6,93.0,0,2023-05-12 08:00:00,0.262364264467491,8,1,Light Rain
5/12/2023,9:00,0.3,22.6,19.8,89.0,0,2023-05-12 09:00:00,0.262364264467491,9,1,Light Rain
5/12/2023,10:00,0.3,23.8,20.5,74.0,0,2023-05-12 10:00:00,0.262364264467491,10,1,Light Rain
5/12/2023,11:00,0.3,24.2,20.5,72.0,2,2023-05-12 11:00:00,0.262364264467491,11,1,Light Rain
5/12/2023,12:00,0.3,25.0,20.8,69.0,2,2023-05-12 12:00:00,0.262364264467491,12,1,Light Rain
5/12/2023,13:00,0.3,26.0,21.0,64.0,2,2023-05-12 13:00:00,0.262364264467491,13,1,Light Rain
5/12/2023,14:00,0.3,26.4,21.0,62.0,4,2023-05-12 14:00:00,0.262364264467491,14,1,Light Rain
5/12/2023,15:00,0.3,27.0,21.0,58.0,4,2023-05-12 15:00:00,0.262364264467491,15,1,Light Rain
5/12/2023,16:00,0.3,26.4,21.0,62.0,4,2023-05-12 16:00:00,0.262364264467491,16,1,Light Rain
5/13/2023,8:00,0.0,19.4,18.6,93.0,0,2023-05-13 08:00:00,0.0,8,0,No Rain
5/13/2023,9:00,0.0,21.0,19.0,83.0,0,2023-05-13 09:00:00,0.0,9,0,No Rain
5/13/2023,10:00,0.0,22.0,19.5,79.0,0,2023-05-13 10:00:00,0.0,10,0,No Rain
5/13/2023,11:00,0.0,23.2,20.0,75.0,0,2023-05-13 11:00:00,0.0,11,0,No Rain
5/13/2023,12:00,0.0,24.4,20.4,70.0,4,2023-05-13 12:00:00,0.0,12,0,No Rain
5/13/2023,13:00,0.0,26.5,21.0,61.0,4,2023-05-13 13:00:00,0.0,13,0,No Rain
5/13/2023,14:00,0.0,27.0,21.0,58.0,4,2023-05-13 14:00:00,0.0,14,0,No Rain
5/13/2023,15:00,0.0,27.2,21.2,58.0,4,2023-05-13 15:00:00,0.0,15,0,No Rain
5/13/2023,16:00,0.0,27.4,21.2,57.0,4,2023-05-13 16:00:00,0.0,16,0,No Rain
5/14/2023,8:00,0.0,20.5,19.8,94.0,0,2023-05-14 08:00:00,0.0,8,0,No Rain
5/14/2023,9:00,0.0,23.2,21.0,82.0,0,2023-05-14 09:00:00,0.0,9,0,No Rain
5/14/2023,10:00,0.0,23.9,21.2,79.0,0,2023-05-14 10:00:00,0.0,10,0,No Rain
5/14/2023,11:00,0.0,24.3,21.2,76.0,4,2023-05-14 11:00:00,0.0,11,0,No Rain
5/14/2023,12:00,0.0,25.2,21.4,71.0,4,2023-05-14 12:00:00,0.0,12,0,No Rain
5/14/2023,13:00,0.0,26.8,21.4,62.0,4,2023-05-14 13:00:00,0.0,13,0,No Rain
5/14/2023,14:00,0.0,26.8,21.4,62.0,4,2023-05-14 14:00:00,0.0,14,0,No Rain
5/14/2023,15:00,0.0,27.0,21.4,61.0,4,2023-05-14 15:00:00,0.0,15,0,No Rain
5/14/2023,16:00,0.0,27.8,22.0,60.0,4,2023-05-14 16:00:00,0.0,16,0,No Rain
5/15/2023,8:00,0.0,20.4,19.4,91.0,0,2023-05-15 08:00:00,0.0,8,0,No Rain
5/15/2023,9:00,0.0,24.0,20.5,73.0,0,2023-05-15 09:00:00,0.0,9,0,No Rain
5/15/2023,10:00,0.0,26.0,21.0,64.0,0,2023-05-15 10:00:00,0.0,10,0,No Rain
5/15/2023,11:00,0.0,27.5,21.2,57.0,4,2023-05-15 11:00:00,0.0,11,0,No Rain
5/15/2023,12:00,0.0,27.5,21.4,58.0,4,2023-05-15 12:00:00,0.0,12,0,No Rain
5/15/2023,13:00,0.0,27.8,21.4,57.0,4,2023-05-15 13:00:00,0.0,13,0,No Rain
5/15/2023,14:00,0.0,28.4,21.5,54.0,4,2023-05-15 14:00:00,0.0,14,0,No Rain
5/15/2023,15:00,0.0,28.2,21.6,56.0,4,2023-05-15 15:00:00,0.0,15,0,No Rain
5/15/2023,16:00,0.0,27.4,21.2,57.0,2,2023-05-15 16:00:00,0.0,16,0,No Rain
5/16/2023,8:00,0.0,21.4,19.6,85.0,0,2023-05-16 08:00:00,0.0,8,0,No Rain
5/16/2023,9:00,0.0,24.4,20.6,71.0,2,2023-05-16 09:00:00,0.0,9,0,No Rain
5/16/2023,10:00,0.0,26.0,21.2,65.0,4,2023-05-16 10:00:00,0.0,10,0,No Rain
5/16/2023,11:00,0.0,28.2,22.0,58.0,4,2023-05-16 11:00:00,0.0,11,0,No Rain
5/16/2023,12:00,0.0,28.5,21.6,54.0,4,2023-05-16 12:00:00,0.0,12,0,No Rain
5/16/2023,13:00,0.0,28.5,21.4,53.0,4,2023-05-16 13:00:00,0.0,13,0,No Rain
5/16/2023,14:00,0.0,28.5,21.5,54.0,4,2023-05-16 14:00:00,0.0,14,0,No Rain
5/16/2023,15:00,0.0,28.5,21.5,54.0,4,2023-05-16 15:00:00,0.0,15,0,No Rain
5/16/2023,16:00,0.0,27.6,21.2,57.0,4,2023-05-16 16:00:00,0.0,16,0,No Rain
5/17/2023,8:00,4.0,19.8,19.0,93.0,0,2023-05-17 08:00:00,1.6094379124341003,8,2,Moderate Rain
5/17/2023,9:00,4.0,21.5,20.6,92.0,0,2023-05-17 09:00:00,1.6094379124341003,9,2,Moderate Rain
5/17/2023,10:00,4.0,25.4,21.5,71.0,0,2023-05-17 10:00:00,1.6094379124341003,10,2,Moderate Rain
5/17/2023,11:00,4.0,26.6,21.5,64.0,2,2023-05-17 11:00:00,1.6094379124341003,11,2,Moderate Rain
5/17/2023,12:00,4.0,26.8,21.6,63.0,4,2023-05-17 12:00:00,1.6094379124341003,12,2,Moderate Rain
5/17/2023,13:00,4.0,26.8,21.5,63.0,4,2023-05-17 13:00:00,1.6094379124341003,13,2,Moderate Rain
5/17/2023,14:00,4.0,26.5,22.4,70.0,0,2023-05-17 14:00:00,1.6094379124341003,14,2,Moderate Rain
5/17/2023,15:00,4.0,26.5,22.4,70.0,0,2023-05-17 15:00:00,1.6094379124341003,15,2,Moderate Rain
5/17/2023,16:00,4.0,26.5,22.3,70.0,0,2023-05-17 16:00:00,1.6094379124341003,16,2,Moderate Rain
5/18/2023,8:00,0.0,20.4,19.4,91.0,0,2023-05-18 08:00:00,0.0,8,0,No Rain
5/18/2023,9:00,0.0,23.0,20.0,76.0,2,2023-05-18 09:00:00,0.0,9,0,No Rain
5/18/2023,10:00,0.0,25.0,21.0,70.0,2,2023-05-18 10:00:00,0.0,10,0,No Rain
5/18/2023,11:00,0.0,26.4,21.0,62.0,0,2023-05-18 11:00:00,0.0,11,0,No Rain
5/18/2023,12:00,0.0,27.6,21.2,56.0,2,2023-05-18 12:00:00,0.0,12,0,No Rain
5/18/2023,13:00,0.0,28.0,21.2,54.0,2,2023-05-18 13:00:00,0.0,13,0,No Rain
5/18/2023,14:00,0.0,28.4,21.2,53.0,2,2023-05-18 14:00:00,0.0,14,0,No Rain
5/18/2023,15:00,0.0,28.0,21.0,53.0,2,2023-05-18 15:00:00,0.0,15,0,No Rain
5/18/2023,16:00,0.0,27.5,21.2,57.0,2,2023-05-18 16:00:00,0.0,16,0,No Rain
5/19/2023,8:00,0.0,21.4,20.0,88.0,0,2023-05-19 08:00:00,0.0,8,0,No Rain
5/19/2023,9:00,0.0,24.0,20.5,73.0,0,2023-05-19 09:00:00,0.0,9,0,No Rain
5/19/2023,10:00,0.0,25.6,21.0,66.0,2,2023-05-19 10:00:00,0.0,10,0,No Rain
5/19/2023,11:00,0.0,26.5,21.0,61.0,0,2023-05-19 11:00:00,0.0,11,0,No Rain
5/19/2023,12:00,0.0,28.0,21.5,56.0,2,2023-05-19 12:00:00,0.0,12,0,No Rain
5/19/2023,13:00,0.0,27.5,21.2,57.0,5,2023-05-19 13:00:00,0.0,13,0,No Rain
5/19/2023,14:00,0.0,27.5,21.2,57.0,4,2023-05-19 14:00:00,0.0,14,0,No Rain
5/19/2023,15:00,0.0,27.0,21.0,58.0,4,2023-05-19 15:00:00,0.0,15,0,No Rain
5/19/2023,16:00,0.0,26.5,21.0,61.0,4,2023-05-19 16:00:00,0.0,16,0,No Rain
5/20/2023,8:00,0.0,20.5,20.0,96.0,0,2023-05-20 08:00:00,0.0,8,0,No Rain
5/20/2023,9:00,0.0,22.5,20.8,85.0,0,2023-05-20 09:00:00,0.0,9,0,No Rain
5/20/2023,10:00,0.0,23.6,20.8,79.0,0,2023-05-20 10:00:00,0.0,10,0,No Rain
5/20/2023,11:00,0.0,26.9,20.9,58.0,0,2023-05-20 11:00:00,0.0,11,0,No Rain
5/20/2023,12:00,0.0,27.6,21.8,60.0,4,2023-05-20 12:00:00,0.0,12,0,No Rain
5/20/2023,13:00,0.0,27.6,21.8,60.0,4,2023-05-20 13:00:00,0.0,13,0,No Rain
5/20/2023,14:00,0.0,27.3,21.5,60.0,4,2023-05-20 14:00:00,0.0,14,0,No Rain
5/20/2023,15:00,0.0,27.4,21.4,59.0,4,2023-05-20 15:00:00,0.0,15,0,No Rain
5/20/2023,16:00,0.0,25.8,20.8,55.0,4,2023-05-20 16:00:00,0.0,16,0,No Rain
5/21/2023,8:00,0.0,21.4,19.8,86.0,0,2023-05-21 08:00:00,0.0,8,0,No Rain
5/21/2023,9:00,0.0,24.2,20.6,72.0,0,2023-05-21 09:00:00,0.0,9,0,No Rain
5/21/2023,10:00,0.0,26.0,21.0,64.0,0,2023-05-21 10:00:00,0.0,10,0,No Rain
5/21/2023,11:00,0.0,27.4,21.5,59.0,2,2023-05-21 11:00:00,0.0,11,0,No Rain
5/21/2023,12:00,0.0,28.0,21.5,56.0,2,2023-05-21 12:00:00,0.0,12,0,No Rain
5/21/2023,13:00,0.0,29.0,21.5,51.0,2,2023-05-21 13:00:00,0.0,13,0,No Rain
5/21/2023,14:00,0.0,29.4,21.5,50.0,2,2023-05-21 14:00:00,0.0,14,0,No Rain
5/21/2023,15:00,0.0,29.4,21.6,50.0,4,2023-05-21 15:00:00,0.0,15,0,No Rain
5/21/2023,16:00,0.0,28.4,21.2,53.0,4,2023-05-21 16:00:00,0.0,16,0,No Rain
5/22/2023,8:00,0.0,22.0,20.2,85.0,0,2023-05-22 08:00:00,0.0,8,0,No Rain
5/22/2023,9:00,0.0,24.6,21.0,73.0,0,2023-05-22 09:00:00,0.0,9,0,No Rain
5/22/2023,10:00,0.0,27.0,21.4,61.0,0,2023-05-22 10:00:00,0.0,10,0,No Rain
5/22/2023,11:00,0.0,27.5,21.4,58.0,4,2023-05-22 11:00:00,0.0,11,0,No Rain
5/22/2023,12:00,0.0,28.4,21.2,53.0,4,2023-05-22 12:00:00,0.0,12,0,No Rain
5/22/2023,13:00,0.0,28.4,21.4,54.0,4,2023-05-22 13:00:00,0.0,13,0,No Rain
5/22/2023,14:00,0.0,28.0,21.4,55.0,4,2023-05-22 14:00:00,0.0,14,0,No Rain
5/22/2023,15:00,0.0,25.5,21.0,67.0,4,2023-05-22 15:00:00,0.0,15,0,No Rain
5/22/2023,16:00,0.0,23.5,20.2,74.0,4,2023-05-22 16:00:00,0.0,16,0,No Rain
5/23/2023,8:00,7.1,21.4,19.4,83.0,0,2023-05-23 08:00:00,2.0918640616783932,8,2,Moderate Rain
5/23/2023,9:00,7.1,24.4,20.4,70.0,0,2023-05-23 09:00:00,2.0918640616783932,9,2,Moderate Rain
5/23/2023,10:00,7.1,25.4,20.5,64.0,4,2023-05-23 10:00:00,2.0918640616783932,10,2,Moderate Rain
5/23/2023,11:00,7.1,26.4,20.6,59.0,4,2023-05-23 11:00:00,2.0918640616783932,11,2,Moderate Rain
5/23/2023,12:00,7.1,25.5,20.5,64.0,4,2023-05-23 12:00:00,2.0918640616783932,12,2,Moderate Rain
5/23/2023,13:00,7.1,24.4,20.5,70.0,4,2023-05-23 13:00:00,2.0918640616783932,13,2,Moderate Rain
5/23/2023,14:00,7.1,25.0,20.8,69.0,4,2023-05-23 14:00:00,2.0918640616783932,14,2,Moderate Rain
5/23/2023,15:00,7.1,26.4,21.0,62.0,4,2023-05-23 15:00:00,2.0918640616783932,15,2,Moderate Rain
5/23/2023,16:00,7.1,26.0,20.6,61.0,4,2023-05-23 16:00:00,2.0918640616783932,16,2,Moderate Rain
5/24/2023,8:00,0.0,21.2,20.0,90.0,0,2023-05-24 08:00:00,0.0,8,0,No Rain
5/24/2023,9:00,0.0,21.8,20.0,85.0,0,2023-05-24 09:00:00,0.0,9,0,No Rain
5/24/2023,10:00,0.0,25.4,21.5,71.0,4,2023-05-24 10:00:00,0.0,10,0,No Rain
5/24/2023,11:00,0.0,27.0,21.6,62.0,0,2023-05-24 11:00:00,0.0,11,0,No Rain
5/24/2023,12:00,0.0,27.0,21.6,62.0,0,2023-05-24 12:00:00,0.0,12,0,No Rain
5/24/2023,13:00,0.0,27.0,21.4,61.0,0,2023-05-24 13:00:00,0.0,13,0,No Rain
5/24/2023,14:00,0.0,27.0,21.6,62.0,4,2023-05-24 14:00:00,0.0,14,0,No Rain
5/24/2023,15:00,0.0,26.5,21.2,62.0,4,2023-05-24 15:00:00,0.0,15,0,No Rain
5/24/2023,16:00,0.0,25.2,20.8,67.0,4,2023-05-24 16:00:00,0.0,16,0,No Rain
5/25/2023,8:00,0.0,21.0,19.6,88.0,0,2023-05-25 08:00:00,0.0,8,0,No Rain
5/25/2023,9:00,0.0,23.5,20.5,76.0,4,2023-05-25 09:00:00,0.0,9,0,No Rain
5/25/2023,10:00,0.0,25.4,21.0,68.0,4,2023-05-25 10:00:00,0.0,10,0,No Rain
5/25/2023,11:00,0.0,26.0,21.2,65.0,4,2023-05-25 11:00:00,0.0,11,0,No Rain
5/25/2023,12:00,0.0,27.0,21.0,58.0,4,2023-05-25 12:00:00,0.0,12,0,No Rain
5/25/2023,13:00,0.0,27.4,21.2,58.0,6,2023-05-25 13:00:00,0.0,13,0,No Rain
5/25/2023,14:00,0.0,27.8,21.2,55.0,6,2023-05-25 14:00:00,0.0,14,0,No Rain
5/25/2023,15:00,0.0,28.4,21.2,53.0,4,2023-05-25 15:00:00,0.0,15,0,No Rain
5/25/2023,16:00,0.0,27.5,21.2,57.0,4,2023-05-25 16:00:00,0.0,16,0,No Rain
5/26/2023,8:00,0.0,21.0,19.6,87.0,0,2023-05-26 08:00:00,0.0,8,0,No Rain
5/26/2023,9:00,0.0,23.4,20.4,76.0,0,2023-05-26 09:00:00,0.0,9,0,No Rain
5/26/2023,10:00,0.0,25.0,21.0,70.0,0,2023-05-26 10:00:00,0.0,10,0,No Rain
5/26/2023,11:00,0.0,24.4,20.6,71.0,2,2023-05-26 11:00:00,0.0,11,0,No Rain
5/26/2023,12:00,0.0,25.4,21.0,68.0,2,2023-05-26 12:00:00,0.0,12,0,No Rain
5/26/2023,13:00,0.0,26.4,21.2,63.0,4,2023-05-26 13:00:00,0.0,13,0,No Rain
5/26/2023,14:00,0.0,26.6,21.0,61.0,4,2023-05-26 14:00:00,0.0,14,0,No Rain
5/26/2023,15:00,0.0,27.0,21.2,60.0,6,2023-05-26 15:00:00,0.0,15,0,No Rain
5/26/2023,16:00,0.0,27.0,21.2,60.0,4,2023-05-26 16:00:00,0.0,16,0,No Rain
5/27/2023,8:00,0.0,24.7,19.6,86.0,0,2023-05-27 08:00:00,0.0,8,0,No Rain
5/27/2023,9:00,0.0,22.4,20.0,80.0,0,2023-05-27 09:00:00,0.0,9,0,No Rain
5/27/2023,10:00,0.0,24.0,20.5,73.0,0,2023-05-27 10:00:00,0.0,10,0,No Rain
5/27/2023,11:00,0.0,25.0,20.5,67.0,4,2023-05-27 11:00:00,0.0,11,0,No Rain
5/27/2023,12:00,0.0,26.2,21.0,64.0,4,2023-05-27 12:00:00,0.0,12,0,No Rain
5/27/2023,13:00,0.0,26.5,21.0,61.0,4,2023-05-27 13:00:00,0.0,13,0,No Rain
5/27/2023,14:00,0.0,27.0,21.0,58.0,4,2023-05-27 14:00:00,0.0,14,0,No Rain
5/27/2023,15:00,0.0,27.0,21.0,58.0,4,2023-05-27 15:00:00,0.0,15,0,No Rain
5/27/2023,16:00,0.0,27.0,21.0,58.0,4,2023-05-27 16:00:00,0.0,16,0,No Rain
5/28/2023,8:00,0.0,20.5,19.8,94.0,0,2023-05-28 08:00:00,0.0,8,0,No Rain
5/28/2023,9:00,0.0,23.5,20.5,76.0,4,2023-05-28 09:00:00,0.0,9,0,No Rain
5/28/2023,10:00,0.0,24.8,20.8,70.0,4,2023-05-28 10:00:00,0.0,10,0,No Rain
5/28/2023,11:00,0.0,26.3,21.0,62.0,4,2023-05-28 11:00:00,0.0,11,0,No Rain
5/28/2023,12:00,0.0,27.0,21.0,58.0,4,2023-05-28 12:00:00,0.0,12,0,No Rain
5/28/2023,13:00,0.0,26.5,21.0,61.0,0,2023-05-28 13:00:00,0.0,13,0,No Rain
5/28/2023,14:00,0.0,25.4,21.0,68.0,0,2023-05-28 14:00:00,0.0,14,0,No Rain
5/28/2023,15:00,0.0,25.5,21.0,67.0,0,2023-05-28 15:00:00,0.0,15,0,No Rain
5/28/2023,16:00,0.0,25.5,21.0,67.0,0,2023-05-28 16:00:00,0.0,16,0,No Rain
5/29/2023,8:00,0.0,21.4,19.6,85.0,0,2023-05-29 08:00:00,0.0,8,0,No Rain
5/29/2023,9:00,0.0,24.0,20.6,74.0,0,2023-05-29 09:00:00,0.0,9,0,No Rain
5/29/2023,10:00,0.0,25.6,21.0,66.0,4,2023-05-29 10:00:00,0.0,10,0,No Rain
5/29/2023,11:00,0.0,26.5,21.0,61.0,6,2023-05-29 11:00:00,0.0,11,0,No Rain
5/29/2023,12:00,0.0,27.0,21.0,58.0,4,2023-05-29 12:00:00,0.0,12,0,No Rain
5/29/2023,13:00,0.0,27.2,21.0,57.0,4,2023-05-29 13:00:00,0.0,13,0,No Rain
5/29/2023,14:00,0.0,27.4,21.2,58.0,5,2023-05-29 14:00:00,0.0,14,0,No Rain
5/29/2023,15:00,0.0,27.6,21.2,57.0,4,2023-05-29 15:00:00,0.0,15,0,No Rain
5/29/2023,16:00,0.0,27.0,21.0,58.0,4,2023-05-29 16:00:00,0.0,16,0,No Rain
5/30/2023,8:00,7.8,21.0,19.6,88.0,0,2023-05-30 08:00:00,2.174751721484161,8,2,Moderate Rain
5/30/2023,9:00,7.8,22.4,19.8,79.0,0,2023-05-30 09:00:00,2.174751721484161,9,2,Moderate Rain
5/30/2023,10:00,7.8,24.5,20.6,70.0,4,2023-05-30 10:00:00,2.174751721484161,10,2,Moderate Rain
5/30/2023,11:00,7.8,25.5,20.6,64.0,4,2023-05-30 11:00:00,2.174751721484161,11,2,Moderate Rain
5/30/2023,12:00,7.8,26.4,21.0,62.0,4,2023-05-30 12:00:00,2.174751721484161,12,2,Moderate Rain
5/30/2023,13:00,7.8,25.5,21.0,67.0,4,2023-05-30 13:00:00,2.174751721484161,13,2,Moderate Rain
5/30/2023,14:00,7.8,25.5,21.2,67.0,4,2023-05-30 14:00:00,2.174751721484161,14,2,Moderate Rain
5/30/2023,15:00,7.8,25.6,21.0,66.0,4,2023-05-30 15:00:00,2.174751721484161,15,2,Moderate Rain
5/30/2023,16:00,7.8,24.0,20.5,73.0,4,2023-05-30 16:00:00,2.174751721484161,16,2,Moderate Rain
5/31/2023,8:00,1.4,19.4,18.6,93.0,0,2023-05-31 08:00:00,0.8754687373538999,8,1,Light Rain
5/31/2023,9:00,1.4,20.5,19.2,89.0,0,2023-05-31 09:00:00,0.8754687373538999,9,1,Light Rain
5/31/2023,10:00,1.4,21.5,19.6,84.0,0,2023-05-31 10:00:00,0.8754687373538999,10,1,Light Rain
5/31/2023,11:00,1.4,22.0,19.8,82.0,2,2023-05-31 11:00:00,0.8754687373538999,11,1,Light Rain
5/31/2023,12:00,1.4,21.5,19.5,83.0,2,2023-05-31 12:00:00,0.8754687373538999,12,1,Light Rain
5/31/2023,13:00,1.4,23.0,20.0,76.0,2,2023-05-31 13:00:00,0.8754687373538999,13,1,Light Rain
5/31/2023,14:00,1.4,24.2,20.4,71.0,2,2023-05-31 14:00:00,0.8754687373538999,14,1,Light Rain
5/31/2023,15:00,1.4,25.4,21.0,68.0,2,2023-05-31 15:00:00,0.8754687373538999,15,1,Light Rain
5/31/2023,16:00,1.4,25.8,20.8,64.0,4,2023-05-31 16:00:00,0.8754687373538999,16,1,Light Rain
6/1/2023,8:00,1.0,20.0,19.0,91.0,0,2023-06-01 08:00:00,0.6931471805599453,8,1,Light Rain
6/1/2023,9:00,1.0,23.0,21.0,83.0,0,2023-06-01 09:00:00,0.6931471805599453,9,1,Light Rain
6/1/2023,10:00,1.0,23.4,21.3,83.0,0,2023-06-01 10:00:00,0.6931471805599453,10,1,Light Rain
6/1/2023,11:00,1.0,26.4,21.3,64.0,4,2023-06-01 11:00:00,0.6931471805599453,11,1,Light Rain
6/1/2023,12:00,1.0,27.0,21.5,62.0,4,2023-06-01 12:00:00,0.6931471805599453,12,1,Light Rain
6/1/2023,13:00,1.0,26.4,21.5,65.0,4,2023-06-01 13:00:00,0.6931471805599453,13,1,Light Rain
6/1/2023,14:00,1.0,26.0,21.0,64.0,0,2023-06-01 14:00:00,0.6931471805599453,14,1,Light Rain
6/1/2023,15:00,1.0,25.8,21.5,69.0,4,2023-06-01 15:00:00,0.6931471805599453,15,1,Light Rain
6/1/2023,16:00,1.0,25.7,21.5,69.0,0,2023-06-01 16:00:00,0.6931471805599453,16,1,Light Rain
6/2/2023,8:00,0.1,19.6,19.0,95.0,0,2023-06-02 08:00:00,0.09531017980432487,8,1,Light Rain
6/2/2023,9:00,0.1,20.5,19.5,91.0,6,2023-06-02 09:00:00,0.09531017980432487,9,1,Light Rain
6/2/2023,10:00,0.1,22.0,19.8,81.0,6,2023-06-02 10:00:00,0.09531017980432487,10,1,Light Rain
6/2/2023,11:00,0.1,23.4,20.2,75.0,4,2023-06-02 11:00:00,0.09531017980432487,11,1,Light Rain
6/2/2023,12:00,0.1,25.0,20.5,67.0,4,2023-06-02 12:00:00,0.09531017980432487,12,1,Light Rain
6/2/2023,13:00,0.1,25.5,21.0,64.0,4,2023-06-02 13:00:00,0.09531017980432487,13,1,Light Rain
6/2/2023,14:00,0.1,26.0,21.0,64.0,4,2023-06-02 14:00:00,0.09531017980432487,14,1,Light Rain
6/2/2023,15:00,0.1,26.0,20.8,63.0,4,2023-06-02 15:00:00,0.09531017980432487,15,1,Light Rain
6/2/2023,16:00,0.1,26.2,21.0,63.0,4,2023-06-02 16:00:00,0.09531017980432487,16,1,Light Rain
6/3/2023,8:00,1.5,19.8,19.2,95.0,0,2023-06-03 08:00:00,0.9162907318741551,8,2,Moderate Rain
6/3/2023,9:00,1.5,21.0,19.5,87.0,0,2023-06-03 09:00:00,0.9162907318741551,9,2,Moderate Rain
6/3/2023,10:00,1.5,23.0,20.2,78.0,0,2023-06-03 10:00:00,0.9162907318741551,10,2,Moderate Rain
6/3/2023,11:00,1.5,23.0,20.2,76.0,0,2023-06-03 11:00:00,0.9162907318741551,11,2,Moderate Rain
6/3/2023,12:00,1.5,24.4,20.5,70.0,4,2023-06-03 12:00:00,0.9162907318741551,12,2,Moderate Rain
6/3/2023,13:00,1.5,25.2,21.0,69.0,4,2023-06-03 13:00:00,0.9162907318741551,13,2,Moderate Rain
6/3/2023,14:00,1.5,26.0,20.8,63.0,4,2023-06-03 14:00:00,0.9162907318741551,14,2,Moderate Rain
6/3/2023,15:00,1.5,26.8,21.0,60.0,4,2023-06-03 15:00:00,0.9162907318741551,15,2,Moderate Rain
6/3/2023,16:00,1.5,26.5,21.0,61.0,4,2023-06-03 16:00:00,0.9162907318741551,16,2,Moderate Rain
6/4/2023,8:00,1.0,20.6,19.4,90.0,0,2023-06-04 08:00:00,0.6931471805599453,8,1,Light Rain
6/4/2023,9:00,1.0,23.4,20.2,75.0,0,2023-06-04 09:00:00,0.6931471805599453,9,1,Light Rain
6/4/2023,10:00,1.0,24.2,20.5,72.0,4,2023-06-04 10:00:00,0.6931471805599453,10,1,Light Rain
6/4/2023,11:00,1.0,24.0,20.5,73.0,6,2023-06-04 11:00:00,0.6931471805599453,11,1,Light Rain
6/4/2023,12:00,1.0,24.0,20.4,72.0,6,2023-06-04 12:00:00,0.6931471805599453,12,1,Light Rain
6/4/2023,13:00,1.0,24.5,20.5,70.0,4,2023-06-04 13:00:00,0.6931471805599453,13,1,Light Rain
6/4/2023,14:00,1.0,24.5,20.5,70.0,4,2023-06-04 14:00:00,0.6931471805599453,14,1,Light Rain
6/4/2023,15:00,1.0,24.8,20.5,68.0,4,2023-06-04 15:00:00,0.6931471805599453,15,1,Light Rain
6/4/2023,16:00,1.0,25.2,20.5,65.0,4,2023-06-04 16:00:00,0.6931471805599453,16,1,Light Rain
6/5/2023,8:00,3.8,20.2,19.4,93.0,0,2023-06-05 08:00:00,1.5686159179138452,8,2,Moderate Rain
6/6/2023,8:00,0.0,21.0,19.8,90.0,0,2023-06-06 08:00:00,0.0,8,0,No Rain
6/6/2023,9:00,3.8,22.4,20.0,80.0,0,2023-06-06 09:00:00,1.5686159179138452,9,2,Moderate Rain
6/6/2023,9:00,0.0,23.2,20.0,75.0,0,2023-06-06 09:00:00,0.0,9,0,No Rain
6/6/2023,10:00,0.0,24.0,20.5,73.0,2,2023-06-06 10:00:00,0.0,10,0,No Rain
6/6/2023,11:00,0.0,24.5,20.5,70.0,2,2023-06-06 11:00:00,0.0,11,0,No Rain
6/6/2023,12:00,0.0,24.5,20.3,68.0,2,2023-06-06 12:00:00,0.0,12,0,No Rain
6/6/2023,13:00,0.0,25.5,20.5,64.0,2,2023-06-06 13:00:00,0.0,13,0,No Rain
6/6/2023,14:00,0.0,25.5,20.5,64.0,4,2023-06-06 14:00:00,0.0,14,0,No Rain
6/6/2023,15:00,0.0,25.5,20.5,64.0,2,2023-06-06 15:00:00,0.0,15,0,No Rain
6/6/2023,16:00,0.0,27.0,21.0,58.0,2,2023-06-06 16:00:00,0.0,16,0,No Rain
6/7/2023,8:00,0.0,20.4,19.0,88.0,0,2023-06-07 08:00:00,0.0,8,0,No Rain
6/7/2023,9:00,0.0,22.5,19.0,72.0,0,2023-06-07 09:00:00,0.0,9,0,No Rain
6/7/2023,10:00,3.8,23.5,20.5,76.0,0,2023-06-07 10:00:00,1.5686159179138452,10,2,Moderate Rain
6/7/2023,10:00,0.0,24.6,20.0,66.0,0,2023-06-07 10:00:00,0.0,10,0,No Rain
6/7/2023,11:00,0.0,26.0,20.6,61.0,0,2023-06-07 11:00:00,0.0,11,0,No Rain
6/7/2023,12:00,0.0,26.4,21.0,62.0,4,2023-06-07 12:00:00,0.0,12,0,No Rain
6/7/2023,13:00,0.0,25.2,20.6,66.0,2,2023-06-07 13:00:00,0.0,13,0,No Rain
6/7/2023,14:00,0.0,24.2,20.5,72.0,0,2023-06-07 14:00:00,0.0,14,0,No Rain
6/7/2023,15:00,0.0,25.0,20.8,69.0,2,2023-06-07 15:00:00,0.0,15,0,No Rain
6/7/2023,16:00,0.0,25.2,20.5,65.0,3,2023-06-07 16:00:00,0.0,16,0,No Rain
6/8/2023,8:00,0.0,20.0,18.6,88.0,0,2023-06-08 08:00:00,0.0,8,0,No Rain
6/8/2023,9:00,0.0,21.0,19.0,83.0,0,2023-06-08 09:00:00,0.0,9,0,No Rain
6/8/2023,10:00,0.0,21.4,19.2,82.0,0,2023-06-08 10:00:00,0.0,10,0,No Rain
6/8/2023,11:00,3.8,22.0,20.2,85.0,4,2023-06-08 11:00:00,1.5686159179138452,11,2,Moderate Rain
6/8/2023,11:00,0.0,23.4,20.0,73.0,0,2023-06-08 11:00:00,0.0,11,0,No Rain
6/8/2023,12:00,0.0,24.6,20.2,67.0,4,2023-06-08 12:00:00,0.0,12,0,No Rain
6/8/2023,13:00,0.0,25.0,20.5,67.0,2,2023-06-08 13:00:00,0.0,13,0,No Rain
6/8/2023,14:00,0.0,26.0,20.6,61.0,2,2023-06-08 14:00:00,0.0,14,0,No Rain
6/8/2023,15:00,0.0,26.6,20.5,57.0,2,2023-06-08 15:00:00,0.0,15,0,No Rain
6/8/2023,16:00,0.0,26.5,20.5,58.0,2,2023-06-08 16:00:00,0.0,16,0,No Rain
6/9/2023,8:00,0.9,20.4,19.2,89.0,0,2023-06-09 08:00:00,0.6418538861723948,8,1,Light Rain
6/9/2023,12:00,3.8,20.0,19.5,96.0,4,2023-06-09 12:00:00,1.5686159179138452,12,2,Moderate Rain
6/10/2023,8:00,0.0,20.0,19.0,91.0,0,2023-06-10 08:00:00,0.0,8,0,No Rain
6/10/2023,9:00,0.0,21.0,19.4,86.0,0,2023-06-10 09:00:00,0.0,9,0,No Rain
6/10/2023,9:00,0.9,23.4,20.2,75.0,0,2023-06-10 09:00:00,0.6418538861723948,9,1,Light Rain
6/10/2023,10:00,0.0,21.4,19.4,83.0,0,2023-06-10 10:00:00,0.0,10,0,No Rain
6/10/2023,11:00,0.0,22.4,20.0,80.0,0,2023-06-10 11:00:00,0.0,11,0,No Rain
6/10/2023,12:00,0.0,24.5,20.5,70.0,4,2023-06-10 12:00:00,0.0,12,0,No Rain
6/10/2023,13:00,3.8,22.4,20.0,80.0,4,2023-06-10 13:00:00,1.5686159179138452,13,2,Moderate Rain
6/10/2023,13:00,0.0,25.5,20.6,64.0,4,2023-06-10 13:00:00,0.0,13,0,No Rain
6/10/2023,14:00,0.0,26.0,20.8,63.0,4,2023-06-10 14:00:00,0.0,14,0,No Rain
6/10/2023,15:00,0.0,26.4,20.8,60.0,0,2023-06-10 15:00:00,0.0,15,0,No Rain
6/10/2023,16:00,0.0,26.2,20.8,62.0,0,2023-06-10 16:00:00,0.0,16,0,No Rain
6/11/2023,8:00,0.0,21.4,19.6,85.0,0,2023-06-11 08:00:00,0.0,8,0,No Rain
6/11/2023,9:00,0.0,23.6,20.2,73.0,2,2023-06-11 09:00:00,0.0,9,0,No Rain
6/11/2023,10:00,0.9,24.5,20.6,70.0,2,2023-06-11 10:00:00,0.6418538861723948,10,1,Light Rain
6/11/2023,10:00,0.0,25.0,20.8,69.0,4,2023-06-11 10:00:00,0.0,10,0,No Rain
6/11/2023,11:00,0.0,25.5,20.6,64.0,2,2023-06-11 11:00:00,0.0,11,0,No Rain
6/11/2023,12:00,0.0,26.0,20.8,63.0,2,2023-06-11 12:00:00,0.0,12,0,No Rain
6/11/2023,13:00,0.0,26.0,20.8,63.0,2,2023-06-11 13:00:00,0.0,13,0,No Rain
6/11/2023,14:00,0.0,26.2,21.0,63.0,0,2023-06-11 14:00:00,0.0,14,0,No Rain
6/11/2023,14:00,3.8,25.0,21.0,70.0,4,2023-06-11 14:00:00,1.5686159179138452,14,2,Moderate Rain
6/11/2023,15:00,0.0,26.5,21.0,61.0,4,2023-06-11 15:00:00,0.0,15,0,No Rain
6/11/2023,16:00,0.0,26.5,21.0,61.0,4,2023-06-11 16:00:00,0.0,16,0,No Rain
6/12/2023,8:00,2.2,21.2,19.5,86.0,0,2023-06-12 08:00:00,1.1631508098056809,8,2,Moderate Rain
6/12/2023,9:00,2.2,21.5,19.6,84.0,2,2023-06-12 09:00:00,1.1631508098056809,9,2,Moderate Rain
6/12/2023,10:00,2.2,24.6,20.4,68.0,2,2023-06-12 10:00:00,1.1631508098056809,10,2,Moderate Rain
6/12/2023,11:00,2.2,25.8,20.6,63.0,0,2023-06-12 11:00:00,1.1631508098056809,11,2,Moderate Rain
6/12/2023,11:00,0.9,25.0,20.8,69.0,6,2023-06-12 11:00:00,0.6418538861723948,11,1,Light Rain
6/12/2023,12:00,2.2,27.0,21.2,63.0,4,2023-06-12 12:00:00,1.1631508098056809,12,2,Moderate Rain
6/12/2023,13:00,2.2,26.8,21.0,60.0,0,2023-06-12 13:00:00,1.1631508098056809,13,2,Moderate Rain
6/12/2023,14:00,2.2,27.2,21.2,59.0,2,2023-06-12 14:00:00,1.1631508098056809,14,2,Moderate Rain
6/12/2023,15:00,2.2,27.0,21.0,58.0,0,2023-06-12 15:00:00,1.1631508098056809,15,2,Moderate Rain
6/12/2023,15:00,3.8,27.0,21.0,58.0,2,2023-06-12 15:00:00,1.5686159179138452,15,2,Moderate Rain
6/12/2023,16:00,2.2,25.0,20.5,67.0,0,2023-06-12 16:00:00,1.1631508098056809,16,2,Moderate Rain
6/13/2023,8:00,42.4,20.4,19.4,91.0,0,2023-06-13 08:00:00,3.770459441106359,8,3,Heavy Rain
6/13/2023,9:00,42.4,21.6,20.0,86.0,0,2023-06-13 09:00:00,3.770459441106359,9,3,Heavy Rain
6/13/2023,10:00,42.4,22.6,20.0,79.0,4,2023-06-13 10:00:00,3.770459441106359,10,3,Heavy Rain
6/13/2023,11:00,42.4,24.4,20.6,71.0,0,2023-06-13 11:00:00,3.770459441106359,11,3,Heavy Rain
6/13/2023,12:00,42.4,24.6,20.2,67.0,3,2023-06-13 12:00:00,3.770459441106359,12,3,Heavy Rain
6/13/2023,12:00,0.9,24.5,20.5,70.0,4,2023-06-13 12:00:00,0.6418538861723948,12,1,Light Rain
6/13/2023,13:00,42.4,26.0,20.5,61.0,0,2023-06-13 13:00:00,3.770459441106359,13,3,Heavy Rain
6/13/2023,14:00,42.4,26.4,20.8,60.0,2,2023-06-13 14:00:00,3.770459441106359,14,3,Heavy Rain
6/13/2023,15:00,42.4,21.5,19.5,83.0,6,2023-06-13 15:00:00,3.770459441106359,15,3,Heavy Rain
6/13/2023,16:00,3.8,27.4,21.2,58.0,5,2023-06-13 16:00:00,1.5686159179138452,16,2,Moderate Rain
6/13/2023,16:00,42.4,17.8,17.8,100.0,0,2023-06-13 16:00:00,3.770459441106359,16,3,Heavy Rain
6/14/2023,8:00,0.1,19.5,19.0,96.0,0,2023-06-14 08:00:00,0.09531017980432487,8,1,Light Rain
6/14/2023,9:00,0.1,19.8,19.0,93.0,0,2023-06-14 09:00:00,0.09531017980432487,9,1,Light Rain
6/14/2023,10:00,0.1,21.5,19.8,86.0,0,2023-06-14 10:00:00,0.09531017980432487,10,1,Light Rain
6/14/2023,11:00,0.1,23.0,20.0,76.0,0,2023-06-14 11:00:00,0.09531017980432487,11,1,Light Rain
6/14/2023,12:00,0.1,23.4,20.4,76.0,0,2023-06-14 12:00:00,0.09531017980432487,12,1,Light Rain
6/14/2023,13:00,0.9,25.5,20.6,64.0,4,2023-06-14 13:00:00,0.6418538861723948,13,1,Light Rain
6/14/2023,13:00,0.1,23.2,20.2,76.0,2,2023-06-14 13:00:00,0.09531017980432487,13,1,Light Rain
6/14/2023,14:00,0.1,21.5,19.0,79.0,2,2023-06-14 14:00:00,0.09531017980432487,14,1,Light Rain
6/14/2023,15:00,0.1,23.4,20.2,75.0,2,2023-06-14 15:00:00,0.09531017980432487,15,1,Light Rain
6/14/2023,16:00,0.1,24.5,20.6,70.0,2,2023-06-14 16:00:00,0.09531017980432487,16,1,Light Rain
6/15/2023,8:00,0.0,20.6,19.4,90.0,0,2023-06-15 08:00:00,0.0,8,0,No Rain
6/15/2023,9:00,0.0,22.5,19.6,77.0,0,2023-06-15 09:00:00,0.0,9,0,No Rain
6/15/2023,10:00,0.0,24.5,20.2,68.0,0,2023-06-15 10:00:00,0.0,10,0,No Rain
6/15/2023,11:00,0.0,25.0,20.6,67.0,0,2023-06-15 11:00:00,0.0,11,0,No Rain
6/15/2023,12:00,0.0,25.4,20.4,64.0,0,2023-06-15 12:00:00,0.0,12,0,No Rain
6/15/2023,13:00,0.0,26.0,20.8,63.0,0,2023-06-15 13:00:00,0.0,13,0,No Rain
6/15/2023,14:00,0.0,26.4,21.0,52.0,4,2023-06-15 14:00:00,0.0,14,0,No Rain
6/15/2023,14:00,0.9,26.4,21.0,62.0,6,2023-06-15 14:00:00,0.6418538861723948,14,1,Light Rain
6/15/2023,15:00,0.0,26.5,20.8,60.0,2,2023-06-15 15:00:00,0.0,15,0,No Rain
6/15/2023,16:00,0.0,25.5,20.5,64.0,0,2023-06-15 16:00:00,0.0,16,0,No Rain
6/16/2023,8:00,0.4,21.0,19.0,83.0,0,2023-06-16 08:00:00,0.33647223662121295,8,1,Light Rain
6/16/2023,9:00,0.4,22.8,20.0,77.0,0,2023-06-16 09:00:00,0.33647223662121295,9,1,Light Rain
6/16/2023,10:00,0.4,24.5,20.5,70.0,0,2023-06-16 10:00:00,0.33647223662121295,10,1,Light Rain
6/16/2023,11:00,0.4,26.0,20.8,63.0,4,2023-06-16 11:00:00,0.33647223662121295,11,1,Light Rain
6/16/2023,12:00,0.4,27.0,21.0,58.0,2,2023-06-16 12:00:00,0.33647223662121295,12,1,Light Rain
6/16/2023,13:00,0.4,27.5,21.0,56.0,0,2023-06-16 13:00:00,0.33647223662121295,13,1,Light Rain
6/16/2023,14:00,0.4,27.5,21.0,56.0,0,2023-06-16 14:00:00,0.33647223662121295,14,1,Light Rain
6/16/2023,15:00,0.9,26.5,21.0,61.0,6,2023-06-16 15:00:00,0.6418538861723948,15,1,Light Rain
6/16/2023,15:00,0.4,26.5,21.0,61.0,0,2023-06-16 15:00:00,0.33647223662121295,15,1,Light Rain
6/16/2023,16:00,0.4,24.6,20.6,70.0,2,2023-06-16 16:00:00,0.33647223662121295,16,1,Light Rain
6/17/2023,8:00,21.5,21.2,19.6,86.0,0,2023-06-17 08:00:00,3.1135153092103742,8,3,Heavy Rain
6/17/2023,9:00,21.5,23.2,20.4,78.0,3,2023-06-17 09:00:00,3.1135153092103742,9,3,Heavy Rain
6/17/2023,10:00,21.5,24.5,20.6,70.0,3,2023-06-17 10:00:00,3.1135153092103742,10,3,Heavy Rain
6/17/2023,11:00,21.5,24.5,20.8,72.0,0,2023-06-17 11:00:00,3.1135153092103742,11,3,Heavy Rain
6/17/2023,12:00,21.5,22.4,20.0,80.0,4,2023-06-17 12:00:00,3.1135153092103742,12,3,Heavy Rain
6/17/2023,13:00,21.5,19.4,19.2,98.0,0,2023-06-17 13:00:00,3.1135153092103742,13,3,Heavy Rain
6/17/2023,14:00,21.5,20.8,19.5,89.0,2,2023-06-17 14:00:00,3.1135153092103742,14,3,Heavy Rain
6/17/2023,15:00,21.5,23.5,20.2,74.0,0,2023-06-17 15:00:00,3.1135153092103742,15,3,Heavy Rain
6/17/2023,16:00,21.5,24.5,20.2,68.0,0,2023-06-17 16:00:00,3.1135153092103742,16,3,Heavy Rain
6/17/2023,16:00,0.9,27.0,21.0,58.0,8,2023-06-17 16:00:00,0.6418538861723948,16,1,Light Rain
6/18/2023,8:00,20.2,21.0,19.6,88.0,0,2023-06-18 08:00:00,3.054001181677967,8,3,Heavy Rain
6/18/2023,9:00,20.2,23.0,20.0,76.0,0,2023-06-18 09:00:00,3.054001181677967,9,3,Heavy Rain
6/18/2023,10:00,20.2,24.5,20.6,70.0,0,2023-06-18 10:00:00,3.054001181677967,10,3,Heavy Rain
6/18/2023,11:00,20.2,24.8,20.8,70.0,0,2023-06-18 11:00:00,3.054001181677967,11,3,Heavy Rain
6/18/2023,12:00,20.2,25.4,21.0,69.0,2,2023-06-18 12:00:00,3.054001181677967,12,3,Heavy Rain
6/18/2023,13:00,20.2,25.4,21.0,69.0,2,2023-06-18 13:00:00,3.054001181677967,13,3,Heavy Rain
6/18/2023,14:00,20.2,22.0,20.0,83.0,0,2023-06-18 14:00:00,3.054001181677967,14,3,Heavy Rain
6/18/2023,15:00,20.2,22.4,20.0,80.0,0,2023-06-18 15:00:00,3.054001181677967,15,3,Heavy Rain
6/18/2023,16:00,20.2,22.4,20.0,80.0,4,2023-06-18 16:00:00,3.054001181677967,16,3,Heavy Rain
6/19/2023,8:00,0.4,19.4,18.6,93.0,0,2023-06-19 08:00:00,0.33647223662121295,8,1,Light Rain
6/19/2023,9:00,0.4,20.4,19.4,91.0,0,2023-06-19 09:00:00,0.33647223662121295,9,1,Light Rain
6/19/2023,10:00,0.4,21.2,19.6,86.0,0,2023-06-19 10:00:00,0.33647223662121295,10,1,Light Rain
6/19/2023,11:00,0.4,24.2,20.6,72.0,0,2023-06-19 11:00:00,0.33647223662121295,11,1,Light Rain
6/19/2023,12:00,0.4,25.0,20.5,67.0,0,2023-06-19 12:00:00,0.33647223662121295,12,1,Light Rain
6/19/2023,13:00,0.4,25.4,21.0,68.0,0,2023-06-19 13:00:00,0.33647223662121295,13,1,Light Rain
6/19/2023,14:00,0.4,26.0,21.0,64.0,2,2023-06-19 14:00:00,0.33647223662121295,14,1,Light Rain
6/19/2023,15:00,0.4,25.2,20.5,65.0,2,2023-06-19 15:00:00,0.33647223662121295,15,1,Light Rain
6/19/2023,16:00,0.4,25.5,20.5,64.0,2,2023-06-19 16:00:00,0.33647223662121295,16,1,Light Rain
6/20/2023,8:00,0.0,19.4,18.6,93.0,0,2023-06-20 08:00:00,0.0,8,0,No Rain
6/20/2023,9:00,0.0,21.8,19.4,80.0,0,2023-06-20 09:00:00,0.0,9,0,No Rain
6/20/2023,10:00,0.0,22.5,19.5,76.0,0,2023-06-20 10:00:00,0.0,10,0,No Rain
6/20/2023,11:00,0.0,23.4,20.5,77.0,0,2023-06-20 11:00:00,0.0,11,0,No Rain
6/20/2023,12:00,0.0,24.2,20.5,72.0,2,2023-06-20 12:00:00,0.0,12,0,No Rain
6/20/2023,13:00,0.0,25.0,21.0,70.0,2,2023-06-20 13:00:00,0.0,13,0,No Rain
6/20/2023,14:00,0.0,25.2,21.0,69.0,2,2023-06-20 14:00:00,0.0,14,0,No Rain
6/20/2023,15:00,0.0,24.0,20.5,73.0,0,2023-06-20 15:00:00,0.0,15,0,No Rain
6/20/2023,16:00,0.0,23.6,20.4,75.0,0,2023-06-20 16:00:00,0.0,16,0,No Rain
6/21/2023,8:00,1.0,20.4,19.6,93.0,0,2023-06-21 08:00:00,0.6931471805599453,8,1,Light Rain
6/21/2023,9:00,1.0,22.0,20.0,83.0,2,2023-06-21 09:00:00,0.6931471805599453,9,1,Light Rain
6/21/2023,10:00,1.0,23.0,20.2,78.0,0,2023-06-21 10:00:00,0.6931471805599453,10,1,Light Rain
6/21/2023,11:00,1.0,25.0,21.0,70.0,0,2023-06-21 11:00:00,0.6931471805599453,11,1,Light Rain
6/21/2023,12:00,1.0,26.0,21.2,65.0,0,2023-06-21 12:00:00,0.6931471805599453,12,1,Light Rain
6/21/2023,13:00,1.0,23.4,20.4,76.0,6,2023-06-21 13:00:00,0.6931471805599453,13,1,Light Rain
6/21/2023,14:00,1.0,22.4,20.2,82.0,4,2023-06-21 14:00:00,0.6931471805599453,14,1,Light Rain
6/21/2023,15:00,1.0,25.4,21.0,68.0,2,2023-06-21 15:00:00,0.6931471805599453,15,1,Light Rain
6/21/2023,16:00,1.0,25.2,21.0,69.0,2,2023-06-21 16:00:00,0.6931471805599453,16,1,Light Rain
6/22/2023,8:00,0.0,20.0,19.2,93.0,0,2023-06-22 08:00:00,0.0,8,0,No Rain
6/22/2023,9:00,0.0,21.0,19.0,83.0,0,2023-06-22 09:00:00,0.0,9,0,No Rain
6/22/2023,10:00,0.0,22.4,19.6,77.0,0,2023-06-22 10:00:00,0.0,10,0,No Rain
6/22/2023,11:00,0.0,24.2,20.5,72.0,0,2023-06-22 11:00:00,0.0,11,0,No Rain
6/22/2023,12:00,0.0,24.5,20.5,70.0,0,2023-06-22 12:00:00,0.0,12,0,No Rain
6/22/2023,13:00,0.0,26.0,20.8,63.0,2,2023-06-22 13:00:00,0.0,13,0,No Rain
6/22/2023,14:00,0.0,25.4,20.5,64.0,2,2023-06-22 14:00:00,0.0,14,0,No Rain
6/22/2023,15:00,0.0,25.2,20.6,66.0,2,2023-06-22 15:00:00,0.0,15,0,No Rain
6/22/2023,16:00,0.0,24.6,20.2,67.0,2,2023-06-22 16:00:00,0.0,16,0,No Rain
6/23/2023,8:00,0.3,20.6,19.4,90.0,0,2023-06-23 08:00:00,0.262364264467491,8,1,Light Rain
6/23/2023,9:00,0.3,21.5,19.5,83.0,0,2023-06-23 09:00:00,0.262364264467491,9,1,Light Rain
6/23/2023,10:00,0.3,21.5,19.8,86.0,2,2023-06-23 10:00:00,0.262364264467491,10,1,Light Rain
6/23/2023,11:00,0.3,21.2,19.5,86.0,2,2023-06-23 11:00:00,0.262364264467491,11,1,Light Rain
6/23/2023,12:00,0.3,23.0,20.0,76.0,2,2023-06-23 12:00:00,0.262364264467491,12,1,Light Rain
6/23/2023,13:00,0.3,23.5,20.4,76.0,4,2023-06-23 13:00:00,0.262364264467491,13,1,Light Rain
6/23/2023,14:00,0.3,24.5,20.2,68.0,4,2023-06-23 14:00:00,0.262364264467491,14,1,Light Rain
6/23/2023,15:00,0.3,24.6,20.2,66.0,2,2023-06-23 15:00:00,0.262364264467491,15,1,Light Rain
6/23/2023,16:00,0.3,23.5,20.0,73.0,2,2023-06-23 16:00:00,0.262364264467491,16,1,Light Rain
6/24/2023,8:00,0.2,19.6,19.0,95.0,0,2023-06-24 08:00:00,0.18232155679395465,8,1,Light Rain
6/24/2023,9:00,0.2,20.0,19.0,91.0,4,2023-06-24 09:00:00,0.18232155679395465,9,1,Light Rain
6/24/2023,10:00,0.2,20.6,19.4,90.0,4,2023-06-24 10:00:00,0.18232155679395465,10,1,Light Rain
6/24/2023,11:00,0.2,21.4,19.6,85.0,0,2023-06-24 11:00:00,0.18232155679395465,11,1,Light Rain
6/24/2023,12:00,0.2,23.4,20.2,75.0,0,2023-06-24 12:00:00,0.18232155679395465,12,1,Light Rain
6/24/2023,13:00,0.2,24.2,20.2,70.0,4,2023-06-24 13:00:00,0.18232155679395465,13,1,Light Rain
6/24/2023,14:00,0.2,25.0,20.5,67.0,4,2023-06-24 14:00:00,0.18232155679395465,14,1,Light Rain
6/24/2023,15:00,0.2,25.5,20.0,60.0,4,2023-06-24 15:00:00,0.18232155679395465,15,1,Light Rain
6/24/2023,16:00,0.2,26.4,20.2,57.0,5,2023-06-24 16:00:00,0.18232155679395465,16,1,Light Rain
6/25/2023,8:00,0.0,19.8,19.0,93.0,0,2023-06-25 08:00:00,0.0,8,0,No Rain
6/25/2023,9:00,0.0,21.0,19.4,86.0,0,2023-06-25 09:00:00,0.0,9,0,No Rain
6/25/2023,10:00,0.0,22.4,19.8,79.0,0,2023-06-25 10:00:00,0.0,10,0,No Rain
6/25/2023,11:00,0.0,24.2,20.0,68.0,0,2023-06-25 11:00:00,0.0,11,0,No Rain
6/25/2023,12:00,0.0,25.2,20.2,63.0,4,2023-06-25 12:00:00,0.0,12,0,No Rain
6/25/2023,13:00,0.0,25.0,20.2,65.0,4,2023-06-25 13:00:00,0.0,13,0,No Rain
6/25/2023,14:00,0.0,25.4,20.4,64.0,0,2023-06-25 14:00:00,0.0,14,0,No Rain
6/25/2023,15:00,0.0,26.4,20.5,59.0,3,2023-06-25 15:00:00,0.0,15,0,No Rain
6/25/2023,16:00,0.0,26.4,20.6,59.0,2,2023-06-25 16:00:00,0.0,16,0,No Rain
6/26/2023,8:00,0.0,20.0,19.0,91.0,0,2023-06-26 08:00:00,0.0,8,0,No Rain
6/26/2023,9:00,0.0,20.5,19.0,87.0,0,2023-06-26 09:00:00,0.0,9,0,No Rain
6/26/2023,10:00,0.0,23.0,19.8,75.0,0,2023-06-26 10:00:00,0.0,10,0,No Rain
6/26/2023,11:00,0.0,23.4,20.4,76.0,0,2023-06-26 11:00:00,0.0,11,0,No Rain
6/26/2023,12:00,0.0,24.8,20.5,68.0,2,2023-06-26 12:00:00,0.0,12,0,No Rain
6/26/2023,13:00,0.0,25.5,20.6,64.0,2,2023-06-26 13:00:00,0.0,13,0,No Rain
6/26/2023,14:00,0.0,25.5,20.5,64.0,4,2023-06-26 14:00:00,0.0,14,0,No Rain
6/26/2023,15:00,0.0,25.0,20.5,67.0,4,2023-06-26 15:00:00,0.0,15,0,No Rain
6/26/2023,16:00,0.0,24.8,20.5,68.0,2,2023-06-26 16:00:00,0.0,16,0,No Rain
6/27/2023,8:00,3.1,20.0,19.0,91.0,0,2023-06-27 08:00:00,1.410986973710262,8,2,Moderate Rain
6/27/2023,9:00,3.1,21.0,19.0,83.0,0,2023-06-27 09:00:00,1.410986973710262,9,2,Moderate Rain
6/27/2023,10:00,3.1,23.0,19.5,72.0,2,2023-06-27 10:00:00,1.410986973710262,10,2,Moderate Rain
6/27/2023,11:00,3.1,25.0,20.5,67.0,0,2023-06-27 11:00:00,1.410986973710262,11,2,Moderate Rain
6/27/2023,12:00,3.1,26.4,20.8,60.0,2,2023-06-27 12:00:00,1.410986973710262,12,2,Moderate Rain
6/27/2023,13:00,3.1,25.0,20.5,67.0,0,2023-06-27 13:00:00,1.410986973710262,13,2,Moderate Rain
6/27/2023,14:00,3.1,22.5,20.0,80.0,0,2023-06-27 14:00:00,1.410986973710262,14,2,Moderate Rain
6/27/2023,15:00,3.1,25.0,21.0,70.0,2,2023-06-27 15:00:00,1.410986973710262,15,2,Moderate Rain
6/27/2023,16:00,3.1,26.0,20.5,61.0,4,2023-06-27 16:00:00,1.410986973710262,16,2,Moderate Rain
6/28/2023,8:00,0.0,20.0,19.0,91.0,0,2023-06-28 08:00:00,0.0,8,0,No Rain
6/28/2023,9:00,0.0,20.8,19.0,85.0,6,2023-06-28 09:00:00,0.0,9,0,No Rain
6/28/2023,10:00,0.0,23.0,19.6,73.0,4,2023-06-28 10:00:00,0.0,10,0,No Rain
6/28/2023,11:00,0.0,24.2,20.0,68.0,0,2023-06-28 11:00:00,0.0,11,0,No Rain
6/28/2023,12:00,0.0,25.4,20.6,65.0,4,2023-06-28 12:00:00,0.0,12,0,No Rain
6/28/2023,13:00,0.0,26.0,20.6,61.0,4,2023-06-28 13:00:00,0.0,13,0,No Rain
6/28/2023,14:00,0.0,26.4,20.8,60.0,0,2023-06-28 14:00:00,0.0,14,0,No Rain
6/28/2023,15:00,0.0,27.0,21.0,58.0,2,2023-06-28 15:00:00,0.0,15,0,No Rain
6/28/2023,16:00,0.0,26.5,21.0,61.0,4,2023-06-28 16:00:00,0.0,16,0,No Rain
6/29/2023,8:00,7.3,20.5,19.4,90.0,0,2023-06-29 08:00:00,2.1162555148025524,8,2,Moderate Rain
6/29/2023,9:00,7.3,21.5,19.5,83.0,0,2023-06-29 09:00:00,2.1162555148025524,9,2,Moderate Rain
6/29/2023,10:00,7.3,24.0,20.5,73.0,0,2023-06-29 10:00:00,2.1162555148025524,10,2,Moderate Rain
6/29/2023,11:00,7.3,26.0,21.0,64.0,0,2023-06-29 11:00:00,2.1162555148025524,11,2,Moderate Rain
6/29/2023,12:00,7.3,26.5,20.5,58.0,0,2023-06-29 12:00:00,2.1162555148025524,12,2,Moderate Rain
6/29/2023,13:00,7.3,27.2,21.8,62.0,0,2023-06-29 13:00:00,2.1162555148025524,13,2,Moderate Rain
6/29/2023,14:00,7.3,21.5,19.5,83.0,0,2023-06-29 14:00:00,2.1162555148025524,14,2,Moderate Rain
6/29/2023,15:00,7.3,20.5,19.5,91.0,2,2023-06-29 15:00:00,2.1162555148025524,15,2,Moderate Rain
6/29/2023,16:00,7.3,20.5,19.6,92.0,2,2023-06-29 16:00:00,2.1162555148025524,16,2,Moderate Rain
6/30/2023,8:00,27.0,19.5,19.0,96.0,0,2023-06-30 08:00:00,3.332204510175204,8,3,Heavy Rain
6/30/2023,9:00,27.0,21.0,19.8,90.0,0,2023-06-30 09:00:00,3.332204510175204,9,3,Heavy Rain
6/30/2023,10:00,27.0,21.5,20.0,87.0,4,2023-06-30 10:00:00,3.332204510175204,10,3,Heavy Rain
6/30/2023,11:00,27.0,18.5,18.0,95.0,0,2023-06-30 11:00:00,3.332204510175204,11,3,Heavy Rain
6/30/2023,12:00,27.0,18.5,18.5,100.0,0,2023-06-30 12:00:00,3.332204510175204,12,3,Heavy Rain
6/30/2023,13:00,27.0,21.0,19.5,87.0,0,2023-06-30 13:00:00,3.332204510175204,13,3,Heavy Rain
6/30/2023,14:00,27.0,24.0,20.5,73.0,0,2023-06-30 14:00:00,3.332204510175204,14,3,Heavy Rain
6/30/2023,15:00,27.0,24.2,20.5,72.0,2,2023-06-30 15:00:00,3.332204510175204,15,3,Heavy Rain
6/30/2023,16:00,27.0,24.2,20.2,70.0,2,2023-06-30 16:00:00,3.332204510175204,16,3,Heavy Rain
